Date,Company,Price,Predicted_Price,Type
2023-02-01,HDHyundai,111300.0,,History
2023-02-02,HDHyundai,111200.0,,History
2023-02-03,HDHyundai,112200.0,,History
2023-02-06,HDHyundai,110600.0,,History
2023-02-07,HDHyundai,108600.0,,History
2023-02-08,HDHyundai,107800.0,,History
2023-02-09,HDHyundai,107000.0,,History
2023-02-10,HDHyundai,108600.0,,History
2023-02-13,HDHyundai,109800.0,,History
2023-02-14,HDHyundai,110000.0,,History
2023-02-15,HDHyundai,106000.0,,History
2023-02-16,HDHyundai,106600.0,,History
2023-02-17,HDHyundai,107300.0,,History
2023-02-20,HDHyundai,108000.0,,History
2023-02-21,HDHyundai,112200.0,,History
2023-02-22,HDHyundai,112800.0,,History
2023-02-23,HDHyundai,112000.0,,History
2023-02-24,HDHyundai,110900.0,,History
2023-02-27,HDHyundai,108900.0,,History
2023-02-28,HDHyundai,106400.0,,History
2023-03-02,HDHyundai,105900.0,,History
2023-03-03,HDHyundai,104200.0,,History
2023-03-06,HDHyundai,102100.0,,History
2023-03-07,HDHyundai,100200.0,,History
2023-03-08,HDHyundai,97400.0,,History
2023-03-09,HDHyundai,96500.0,,History
2023-03-10,HDHyundai,94900.0,,History
2023-03-13,HDHyundai,98400.0,,History
2023-03-14,HDHyundai,93800.0,,History
2023-03-15,HDHyundai,96700.0,,History
2023-03-16,HDHyundai,94800.0,,History
2023-03-17,HDHyundai,95700.0,,History
2023-03-20,HDHyundai,96300.0,,History
2023-03-21,HDHyundai,100600.0,,History
2023-03-22,HDHyundai,98200.0,,History
2023-03-23,HDHyundai,98400.0,,History
2023-03-24,HDHyundai,97400.0,,History
2023-03-27,HDHyundai,97100.0,,History
2023-03-28,HDHyundai,99700.0,,History
2023-03-29,HDHyundai,99500.0,,History
2023-03-30,HDHyundai,99200.0,,History
2023-03-31,HDHyundai,100000.0,,History
2023-04-03,HDHyundai,100400.0,,History
2023-04-04,HDHyundai,101400.0,,History
2023-04-05,HDHyundai,101000.0,,History
2023-04-06,HDHyundai,99100.0,,History
2023-04-07,HDHyundai,99900.0,,History
2023-04-10,HDHyundai,99200.0,,History
2023-04-11,HDHyundai,98400.0,,History
2023-04-12,HDHyundai,100400.0,,History
2023-04-13,HDHyundai,101300.0,,History
2023-04-14,HDHyundai,104700.0,,History
2023-04-17,HDHyundai,105700.0,,History
2023-04-18,HDHyundai,105400.0,,History
2023-04-19,HDHyundai,110000.0,,History
2023-04-20,HDHyundai,111800.0,,History
2023-04-21,HDHyundai,109900.0,,History
2023-04-24,HDHyundai,109900.0,,History
2023-04-25,HDHyundai,109800.0,,History
2023-04-26,HDHyundai,108600.0,,History
2023-04-27,HDHyundai,105600.0,,History
2023-04-28,HDHyundai,109600.0,,History
2023-05-02,HDHyundai,110700.0,,History
2023-05-03,HDHyundai,109300.0,,History
2023-05-04,HDHyundai,108100.0,,History
2023-05-08,HDHyundai,108900.0,,History
2023-05-09,HDHyundai,113300.0,,History
2023-05-10,HDHyundai,112300.0,,History
2023-05-11,HDHyundai,115200.0,,History
2023-05-12,HDHyundai,112600.0,,History
2023-05-15,HDHyundai,113100.0,,History
2023-05-16,HDHyundai,112400.0,,History
2023-05-17,HDHyundai,111000.0,,History
2023-05-18,HDHyundai,111600.0,,History
2023-05-19,HDHyundai,112900.0,,History
2023-05-22,HDHyundai,119100.0,,History
2023-05-23,HDHyundai,118800.0,,History
2023-05-24,HDHyundai,120300.0,,History
2023-05-25,HDHyundai,119500.0,,History
2023-05-26,HDHyundai,118700.0,,History
2023-05-30,HDHyundai,119300.0,,History
2023-05-31,HDHyundai,116100.0,,History
2023-06-01,HDHyundai,116600.0,,History
2023-06-02,HDHyundai,117400.0,,History
2023-06-05,HDHyundai,124800.0,,History
2023-06-07,HDHyundai,125500.0,,History
2023-06-08,HDHyundai,127300.0,,History
2023-06-09,HDHyundai,124900.0,,History
2023-06-12,HDHyundai,125200.0,,History
2023-06-13,HDHyundai,124200.0,,History
2023-06-14,HDHyundai,124100.0,,History
2023-06-15,HDHyundai,125800.0,,History
2023-06-16,HDHyundai,127400.0,,History
2023-06-19,HDHyundai,125500.0,,History
2023-06-20,HDHyundai,130400.0,,History
2023-06-21,HDHyundai,129100.0,,History
2023-06-22,HDHyundai,130300.0,,History
2023-06-23,HDHyundai,128100.0,,History
2023-06-26,HDHyundai,131000.0,,History
2023-06-27,HDHyundai,130600.0,,History
2023-06-28,HDHyundai,128500.0,,History
2023-06-29,HDHyundai,129300.0,,History
2023-06-30,HDHyundai,131700.0,,History
2023-07-03,HDHyundai,131600.0,,History
2023-07-04,HDHyundai,136000.0,,History
2023-07-05,HDHyundai,136000.0,,History
2023-07-06,HDHyundai,136300.0,,History
2023-07-07,HDHyundai,136000.0,,History
2023-07-10,HDHyundai,137900.0,,History
2023-07-11,HDHyundai,140000.0,,History
2023-07-12,HDHyundai,142700.0,,History
2023-07-13,HDHyundai,145500.0,,History
2023-07-14,HDHyundai,147800.0,,History
2023-07-17,HDHyundai,146600.0,,History
2023-07-18,HDHyundai,142700.0,,History
2023-07-19,HDHyundai,144800.0,,History
2023-07-20,HDHyundai,143000.0,,History
2023-07-21,HDHyundai,142600.0,,History
2023-07-24,HDHyundai,140600.0,,History
2023-07-25,HDHyundai,141500.0,,History
2023-07-26,HDHyundai,139000.0,,History
2023-07-27,HDHyundai,130900.0,,History
2023-07-28,HDHyundai,135700.0,,History
2023-07-31,HDHyundai,139700.0,,History
2023-08-01,HDHyundai,139300.0,,History
2023-08-02,HDHyundai,138300.0,,History
2023-08-03,HDHyundai,135800.0,,History
2023-08-04,HDHyundai,136300.0,,History
2023-08-07,HDHyundai,134400.0,,History
2023-08-08,HDHyundai,135500.0,,History
2023-08-09,HDHyundai,134300.0,,History
2023-08-10,HDHyundai,132000.0,,History
2023-08-11,HDHyundai,132500.0,,History
2023-08-14,HDHyundai,127700.0,,History
2023-08-16,HDHyundai,124000.0,,History
2023-08-17,HDHyundai,122700.0,,History
2023-08-18,HDHyundai,121000.0,,History
2023-08-21,HDHyundai,121800.0,,History
2023-08-22,HDHyundai,122100.0,,History
2023-08-23,HDHyundai,120600.0,,History
2023-08-24,HDHyundai,121100.0,,History
2023-08-25,HDHyundai,120100.0,,History
2023-08-28,HDHyundai,131100.0,,History
2023-08-29,HDHyundai,133400.0,,History
2023-08-30,HDHyundai,131500.0,,History
2023-08-31,HDHyundai,130800.0,,History
2023-09-01,HDHyundai,128000.0,,History
2023-09-04,HDHyundai,128900.0,,History
2023-09-05,HDHyundai,126400.0,,History
2023-09-06,HDHyundai,126800.0,,History
2023-09-07,HDHyundai,125700.0,,History
2023-09-08,HDHyundai,125200.0,,History
2023-09-11,HDHyundai,128700.0,,History
2023-09-12,HDHyundai,127200.0,,History
2023-09-13,HDHyundai,127000.0,,History
2023-09-14,HDHyundai,127100.0,,History
2023-09-15,HDHyundai,128600.0,,History
2023-09-18,HDHyundai,127700.0,,History
2023-09-19,HDHyundai,127000.0,,History
2023-09-20,HDHyundai,127300.0,,History
2023-09-21,HDHyundai,125600.0,,History
2023-09-22,HDHyundai,124500.0,,History
2023-09-25,HDHyundai,124100.0,,History
2023-09-26,HDHyundai,120300.0,,History
2023-09-27,HDHyundai,121200.0,,History
2023-10-04,HDHyundai,116500.0,,History
2023-10-05,HDHyundai,112000.0,,History
2023-10-06,HDHyundai,111700.0,,History
2023-10-10,HDHyundai,112800.0,,History
2023-10-11,HDHyundai,116000.0,,History
2023-10-12,HDHyundai,116300.0,,History
2023-10-13,HDHyundai,113800.0,,History
2023-10-16,HDHyundai,116000.0,,History
2023-10-17,HDHyundai,115900.0,,History
2023-10-18,HDHyundai,115700.0,,History
2023-10-19,HDHyundai,111600.0,,History
2023-10-20,HDHyundai,109800.0,,History
2023-10-23,HDHyundai,109300.0,,History
2023-10-24,HDHyundai,109000.0,,History
2023-10-25,HDHyundai,114700.0,,History
2023-10-26,HDHyundai,107800.0,,History
2023-10-27,HDHyundai,110000.0,,History
2023-10-30,HDHyundai,107900.0,,History
2023-10-31,HDHyundai,102100.0,,History
2023-11-01,HDHyundai,102800.0,,History
2023-11-02,HDHyundai,108200.0,,History
2023-11-03,HDHyundai,111400.0,,History
2023-11-06,HDHyundai,115800.0,,History
2023-11-07,HDHyundai,113900.0,,History
2023-11-08,HDHyundai,111000.0,,History
2023-11-09,HDHyundai,110900.0,,History
2023-11-10,HDHyundai,111400.0,,History
2023-11-13,HDHyundai,108100.0,,History
2023-11-14,HDHyundai,108600.0,,History
2023-11-15,HDHyundai,112600.0,,History
2023-11-16,HDHyundai,112200.0,,History
2023-11-17,HDHyundai,111400.0,,History
2023-11-20,HDHyundai,114700.0,,History
2023-11-21,HDHyundai,118400.0,,History
2023-11-22,HDHyundai,123500.0,,History
2023-11-23,HDHyundai,121800.0,,History
2023-11-24,HDHyundai,119900.0,,History
2023-11-27,HDHyundai,124200.0,,History
2023-11-28,HDHyundai,125000.0,,History
2023-11-29,HDHyundai,122700.0,,History
2023-11-30,HDHyundai,125200.0,,History
2023-12-01,HDHyundai,128900.0,,History
2023-12-04,HDHyundai,133800.0,,History
2023-12-05,HDHyundai,131800.0,,History
2023-12-06,HDHyundai,125000.0,,History
2023-12-07,HDHyundai,125400.0,,History
2023-12-08,HDHyundai,123100.0,,History
2023-12-11,HDHyundai,121700.0,,History
2023-12-12,HDHyundai,122900.0,,History
2023-12-13,HDHyundai,120500.0,,History
2023-12-14,HDHyundai,124300.0,,History
2023-12-15,HDHyundai,124300.0,,History
2023-12-18,HDHyundai,121300.0,,History
2023-12-19,HDHyundai,120000.0,,History
2023-12-20,HDHyundai,122500.0,,History
2023-12-21,HDHyundai,120700.0,,History
2023-12-22,HDHyundai,122700.0,,History
2023-12-26,HDHyundai,121900.0,,History
2023-12-27,HDHyundai,125500.0,,History
2023-12-28,HDHyundai,129000.0,,History
2024-01-02,HDHyundai,127000.0,,History
2024-01-03,HDHyundai,121500.0,,History
2024-01-04,HDHyundai,120900.0,,History
2024-01-05,HDHyundai,121000.0,,History
2024-01-08,HDHyundai,124500.0,,History
2024-01-09,HDHyundai,122500.0,,History
2024-01-10,HDHyundai,122100.0,,History
2024-01-11,HDHyundai,118500.0,,History
2024-01-12,HDHyundai,119000.0,,History
2024-01-15,HDHyundai,121200.0,,History
2024-01-16,HDHyundai,118900.0,,History
2024-01-17,HDHyundai,113900.0,,History
2024-01-18,HDHyundai,115200.0,,History
2024-01-19,HDHyundai,120000.0,,History
2024-01-22,HDHyundai,119000.0,,History
2024-01-23,HDHyundai,119000.0,,History
2024-01-24,HDHyundai,117400.0,,History
2024-01-25,HDHyundai,119900.0,,History
2024-01-26,HDHyundai,119900.0,,History
2024-01-29,HDHyundai,118300.0,,History
2024-01-30,HDHyundai,115200.0,,History
2024-01-31,HDHyundai,114100.0,,History
2024-02-01,HDHyundai,112800.0,,History
2024-02-02,HDHyundai,113900.0,,History
2024-02-05,HDHyundai,117500.0,,History
2024-02-06,HDHyundai,115300.0,,History
2024-02-07,HDHyundai,113600.0,,History
2024-02-08,HDHyundai,112000.0,,History
2024-02-13,HDHyundai,110400.0,,History
2024-02-14,HDHyundai,109600.0,,History
2024-02-15,HDHyundai,110000.0,,History
2024-02-16,HDHyundai,110400.0,,History
2024-02-19,HDHyundai,110900.0,,History
2024-02-20,HDHyundai,109600.0,,History
2024-02-21,HDHyundai,111700.0,,History
2024-02-22,HDHyundai,110800.0,,History
2024-02-23,HDHyundai,111400.0,,History
2024-02-26,HDHyundai,109700.0,,History
2024-02-27,HDHyundai,114900.0,,History
2024-02-28,HDHyundai,119500.0,,History
2024-02-29,HDHyundai,117900.0,,History
2024-03-04,HDHyundai,113600.0,,History
2024-03-05,HDHyundai,112300.0,,History
2024-03-06,HDHyundai,111500.0,,History
2024-03-07,HDHyundai,111600.0,,History
2024-03-08,HDHyundai,110900.0,,History
2024-03-11,HDHyundai,113200.0,,History
2024-03-12,HDHyundai,112600.0,,History
2024-03-13,HDHyundai,111100.0,,History
2024-03-14,HDHyundai,119800.0,,History
2024-03-15,HDHyundai,117100.0,,History
2024-03-18,HDHyundai,123100.0,,History
2024-03-19,HDHyundai,122300.0,,History
2024-03-20,HDHyundai,125800.0,,History
2024-03-21,HDHyundai,126100.0,,History
2024-03-22,HDHyundai,125100.0,,History
2024-03-25,HDHyundai,124700.0,,History
2024-03-26,HDHyundai,122300.0,,History
2024-03-27,HDHyundai,119400.0,,History
2024-03-28,HDHyundai,118700.0,,History
2024-03-29,HDHyundai,118000.0,,History
2024-04-01,HDHyundai,121300.0,,History
2024-04-02,HDHyundai,124900.0,,History
2024-04-03,HDHyundai,122700.0,,History
2024-04-04,HDHyundai,121700.0,,History
2024-04-05,HDHyundai,122100.0,,History
2024-04-08,HDHyundai,118500.0,,History
2024-04-09,HDHyundai,117200.0,,History
2024-04-11,HDHyundai,114500.0,,History
2024-04-12,HDHyundai,117900.0,,History
2024-04-15,HDHyundai,118300.0,,History
2024-04-16,HDHyundai,112000.0,,History
2024-04-17,HDHyundai,111300.0,,History
2024-04-18,HDHyundai,120300.0,,History
2024-04-19,HDHyundai,123400.0,,History
2024-04-22,HDHyundai,122600.0,,History
2024-04-23,HDHyundai,127200.0,,History
2024-04-24,HDHyundai,130200.0,,History
2024-04-25,HDHyundai,128000.0,,History
2024-04-26,HDHyundai,139500.0,,History
2024-04-29,HDHyundai,140800.0,,History
2024-04-30,HDHyundai,137700.0,,History
2024-05-02,HDHyundai,136200.0,,History
2024-05-03,HDHyundai,133600.0,,History
2024-05-07,HDHyundai,140000.0,,History
2024-05-08,HDHyundai,137400.0,,History
2024-05-09,HDHyundai,135500.0,,History
2024-05-10,HDHyundai,136300.0,,History
2024-05-13,HDHyundai,143500.0,,History
2024-05-14,HDHyundai,142300.0,,History
2024-05-16,HDHyundai,140500.0,,History
2024-05-17,HDHyundai,130200.0,,History
2024-05-20,HDHyundai,128100.0,,History
2024-05-21,HDHyundai,130800.0,,History
2024-05-22,HDHyundai,129100.0,,History
2024-05-23,HDHyundai,132800.0,,History
2024-05-24,HDHyundai,134000.0,,History
2024-05-27,HDHyundai,133000.0,,History
2024-05-28,HDHyundai,133400.0,,History
2024-05-29,HDHyundai,132000.0,,History
2024-05-30,HDHyundai,132100.0,,History
2024-05-31,HDHyundai,128700.0,,History
2024-06-03,HDHyundai,131800.0,,History
2024-06-04,HDHyundai,129500.0,,History
2024-06-05,HDHyundai,128300.0,,History
2024-06-07,HDHyundai,129600.0,,History
2024-06-10,HDHyundai,129400.0,,History
2024-06-11,HDHyundai,129700.0,,History
2024-06-12,HDHyundai,130000.0,,History
2024-06-13,HDHyundai,130400.0,,History
2024-06-14,HDHyundai,132600.0,,History
2024-06-17,HDHyundai,134500.0,,History
2024-06-18,HDHyundai,133600.0,,History
2024-06-19,HDHyundai,138800.0,,History
2024-06-20,HDHyundai,141900.0,,History
2024-06-21,HDHyundai,146300.0,,History
2024-06-24,HDHyundai,152000.0,,History
2024-06-25,HDHyundai,149900.0,,History
2024-06-26,HDHyundai,152400.0,,History
2024-06-27,HDHyundai,156400.0,,History
2024-06-28,HDHyundai,155700.0,,History
2024-07-01,HDHyundai,155100.0,,History
2024-07-02,HDHyundai,153300.0,,History
2024-07-03,HDHyundai,151900.0,,History
2024-07-04,HDHyundai,153400.0,,History
2024-07-05,HDHyundai,148800.0,,History
2024-07-08,HDHyundai,152000.0,,History
2024-07-09,HDHyundai,152400.0,,History
2024-07-10,HDHyundai,155300.0,,History
2024-07-11,HDHyundai,157300.0,,History
2024-07-12,HDHyundai,157600.0,,History
2024-07-15,HDHyundai,160000.0,,History
2024-07-16,HDHyundai,167500.0,,History
2024-07-17,HDHyundai,171200.0,,History
2024-07-18,HDHyundai,169000.0,,History
2024-07-19,HDHyundai,164300.0,,History
2024-07-22,HDHyundai,170400.0,,History
2024-07-23,HDHyundai,174900.0,,History
2024-07-24,HDHyundai,175500.0,,History
2024-07-25,HDHyundai,177500.0,,History
2024-07-26,HDHyundai,207500.0,,History
2024-07-29,HDHyundai,208000.0,,History
2024-07-30,HDHyundai,204500.0,,History
2024-07-31,HDHyundai,211000.0,,History
2024-08-01,HDHyundai,214000.0,,History
2024-08-02,HDHyundai,209000.0,,History
2024-08-05,HDHyundai,186000.0,,History
2024-08-06,HDHyundai,205000.0,,History
2024-08-07,HDHyundai,205000.0,,History
2024-08-08,HDHyundai,216000.0,,History
2024-08-09,HDHyundai,212000.0,,History
2024-08-12,HDHyundai,208500.0,,History
2024-08-13,HDHyundai,203000.0,,History
2024-08-14,HDHyundai,206000.0,,History
2024-08-16,HDHyundai,204000.0,,History
2024-08-19,HDHyundai,211000.0,,History
2024-08-20,HDHyundai,211000.0,,History
2024-08-21,HDHyundai,205000.0,,History
2024-08-22,HDHyundai,198700.0,,History
2024-08-23,HDHyundai,198200.0,,History
2024-08-26,HDHyundai,191100.0,,History
2024-08-27,HDHyundai,190900.0,,History
2024-08-28,HDHyundai,191200.0,,History
2024-08-29,HDHyundai,189000.0,,History
2024-08-30,HDHyundai,193800.0,,History
2024-09-02,HDHyundai,185500.0,,History
2024-09-03,HDHyundai,188500.0,,History
2024-09-04,HDHyundai,186300.0,,History
2024-09-05,HDHyundai,178900.0,,History
2024-09-06,HDHyundai,175900.0,,History
2024-09-09,HDHyundai,177900.0,,History
2024-09-10,HDHyundai,179000.0,,History
2024-09-11,HDHyundai,180400.0,,History
2024-09-12,HDHyundai,177900.0,,History
2024-09-13,HDHyundai,187600.0,,History
2024-09-19,HDHyundai,191300.0,,History
2024-09-20,HDHyundai,194600.0,,History
2024-09-23,HDHyundai,193400.0,,History
2024-09-24,HDHyundai,198000.0,,History
2024-09-25,HDHyundai,195800.0,,History
2024-09-26,HDHyundai,196600.0,,History
2024-09-27,HDHyundai,183500.0,,History
2024-09-30,HDHyundai,184600.0,,History
2024-10-02,HDHyundai,183100.0,,History
2024-10-04,HDHyundai,185500.0,,History
2024-10-07,HDHyundai,178900.0,,History
2024-10-08,HDHyundai,179700.0,,History
2024-10-10,HDHyundai,188900.0,,History
2024-10-11,HDHyundai,182300.0,,History
2024-10-14,HDHyundai,185700.0,,History
2024-10-15,HDHyundai,192700.0,,History
2024-10-16,HDHyundai,194500.0,,History
2024-10-17,HDHyundai,197200.0,,History
2024-10-18,HDHyundai,191600.0,,History
2024-10-21,HDHyundai,192700.0,,History
2024-10-22,HDHyundai,193900.0,,History
2024-10-23,HDHyundai,198100.0,,History
2024-10-24,HDHyundai,197700.0,,History
2024-10-25,HDHyundai,198100.0,,History
2024-10-28,HDHyundai,187200.0,,History
2024-10-29,HDHyundai,187000.0,,History
2024-10-30,HDHyundai,187400.0,,History
2024-10-31,HDHyundai,182600.0,,History
2024-11-01,HDHyundai,174200.0,,History
2024-11-04,HDHyundai,175000.0,,History
2024-11-05,HDHyundai,171700.0,,History
2024-11-06,HDHyundai,181100.0,,History
2024-11-07,HDHyundai,208500.0,,History
2024-11-08,HDHyundai,209500.0,,History
2024-11-11,HDHyundai,212000.0,,History
2024-11-12,HDHyundai,205500.0,,History
2024-11-13,HDHyundai,198800.0,,History
2024-11-14,HDHyundai,217500.0,,History
2024-11-15,HDHyundai,213500.0,,History
2024-11-18,HDHyundai,227500.0,,History
2024-11-19,HDHyundai,224500.0,,History
2024-11-20,HDHyundai,236000.0,,History
2024-11-21,HDHyundai,228500.0,,History
2024-11-22,HDHyundai,237000.0,,History
2024-11-25,HDHyundai,242000.0,,History
2024-11-26,HDHyundai,228500.0,,History
2024-11-27,HDHyundai,230000.0,,History
2024-11-28,HDHyundai,225500.0,,History
2024-11-29,HDHyundai,220000.0,,History
2024-12-02,HDHyundai,211000.0,,History
2024-12-03,HDHyundai,213000.0,,History
2024-12-04,HDHyundai,219000.0,,History
2024-12-05,HDHyundai,212500.0,,History
2024-12-06,HDHyundai,209000.0,,History
2024-12-09,HDHyundai,208000.0,,History
2024-12-10,HDHyundai,217500.0,,History
2024-12-11,HDHyundai,232000.0,,History
2024-12-12,HDHyundai,233000.0,,History
2024-12-13,HDHyundai,241000.0,,History
2024-12-16,HDHyundai,239500.0,,History
2024-12-17,HDHyundai,239500.0,,History
2024-12-18,HDHyundai,242500.0,,History
2024-12-19,HDHyundai,255000.0,,History
2024-12-20,HDHyundai,260500.0,,History
2024-12-23,HDHyundai,269500.0,,History
2024-12-24,HDHyundai,272000.0,,History
2024-12-26,HDHyundai,298000.0,,History
2024-12-27,HDHyundai,289500.0,,History
2024-12-30,HDHyundai,287500.0,,History
2025-01-02,HDHyundai,289000.0,,History
2025-01-03,HDHyundai,285500.0,,History
2025-01-06,HDHyundai,286500.0,,History
2025-01-07,HDHyundai,288500.0,,History
2025-01-08,HDHyundai,303500.0,,History
2025-01-09,HDHyundai,301500.0,,History
2025-01-10,HDHyundai,314000.0,,History
2025-01-13,HDHyundai,309500.0,,History
2025-01-14,HDHyundai,308500.0,,History
2025-01-15,HDHyundai,314000.0,,History
2025-01-16,HDHyundai,312500.0,,History
2025-01-17,HDHyundai,310000.0,,History
2025-01-20,HDHyundai,308500.0,,History
2025-01-21,HDHyundai,327000.0,,History
2025-01-22,HDHyundai,314000.0,,History
2025-01-23,HDHyundai,295500.0,,History
2025-01-24,HDHyundai,301500.0,,History
2025-01-31,HDHyundai,311000.0,,History
2025-02-03,HDHyundai,311500.0,,History
2025-02-04,HDHyundai,320500.0,,History
2025-02-05,HDHyundai,309500.0,,History
2025-02-06,HDHyundai,303000.0,,History
2025-02-07,HDHyundai,311000.0,,History
2025-02-10,HDHyundai,301000.0,,History
2025-02-11,HDHyundai,306000.0,,History
2025-02-12,HDHyundai,353000.0,,History
2025-02-13,HDHyundai,366000.0,,History
2025-02-14,HDHyundai,334500.0,,History
2025-02-17,HDHyundai,326500.0,,History
2025-02-18,HDHyundai,331500.0,,History
2025-02-19,HDHyundai,347000.0,,History
2025-02-20,HDHyundai,305500.0,,History
2025-02-21,HDHyundai,301000.0,,History
2025-02-24,HDHyundai,298500.0,,History
2025-02-25,HDHyundai,308000.0,,History
2025-02-26,HDHyundai,294000.0,,History
2025-02-27,HDHyundai,296500.0,,History
2025-02-28,HDHyundai,296000.0,,History
2025-03-04,HDHyundai,314500.0,,History
2025-03-05,HDHyundai,317000.0,,History
2025-03-06,HDHyundai,318500.0,,History
2025-03-07,HDHyundai,315500.0,,History
2025-03-10,HDHyundai,308500.0,,History
2025-03-11,HDHyundai,297500.0,,History
2025-03-12,HDHyundai,296000.0,,History
2025-03-13,HDHyundai,310000.0,,History
2025-03-14,HDHyundai,304500.0,,History
2025-03-17,HDHyundai,315000.0,,History
2025-03-18,HDHyundai,316500.0,,History
2025-03-19,HDHyundai,311000.0,,History
2025-03-20,HDHyundai,300000.0,,History
2025-03-21,HDHyundai,299500.0,,History
2025-03-24,HDHyundai,298500.0,,History
2025-03-25,HDHyundai,287000.0,,History
2025-03-26,HDHyundai,288000.0,,History
2025-03-27,HDHyundai,276500.0,,History
2025-03-28,HDHyundai,280000.0,,History
2025-03-31,HDHyundai,279000.0,,History
2025-04-01,HDHyundai,291000.0,,History
2025-04-02,HDHyundai,291000.0,,History
2025-04-03,HDHyundai,295500.0,,History
2025-04-04,HDHyundai,300000.0,,History
2025-04-07,HDHyundai,275500.0,,History
2025-04-08,HDHyundai,294500.0,,History
2025-04-09,HDHyundai,293500.0,,History
2025-04-10,HDHyundai,324000.0,,History
2025-04-11,HDHyundai,342500.0,,History
2025-04-14,HDHyundai,347500.0,,History
2025-04-15,HDHyundai,353500.0,,History
2025-04-16,HDHyundai,353000.0,,History
2025-04-17,HDHyundai,366000.0,,History
2025-04-18,HDHyundai,359500.0,,History
2025-04-21,HDHyundai,352000.0,,History
2025-04-22,HDHyundai,363500.0,,History
2025-04-23,HDHyundai,367000.0,,History
2025-04-24,HDHyundai,376000.0,,History
2025-04-25,HDHyundai,403000.0,,History
2025-04-28,HDHyundai,399500.0,,History
2025-04-29,HDHyundai,403500.0,,History
2025-04-30,HDHyundai,402000.0,,History
2025-05-02,HDHyundai,408500.0,,History
2025-05-07,HDHyundai,415500.0,,History
2025-05-08,HDHyundai,421500.0,,History
2025-05-09,HDHyundai,413000.0,,History
2025-05-12,HDHyundai,404500.0,,History
2025-05-13,HDHyundai,409500.0,,History
2025-05-14,HDHyundai,416000.0,,History
2025-05-15,HDHyundai,416500.0,,History
2025-05-16,HDHyundai,419500.0,,History
2025-05-19,HDHyundai,423500.0,,History
2025-05-20,HDHyundai,397000.0,,History
2025-05-21,HDHyundai,399000.0,,History
2025-05-22,HDHyundai,394000.0,,History
2025-05-23,HDHyundai,389000.0,,History
2025-05-26,HDHyundai,412500.0,,History
2025-05-27,HDHyundai,412000.0,,History
2025-05-28,HDHyundai,397500.0,,History
2025-05-29,HDHyundai,405500.0,,History
2025-05-30,HDHyundai,405500.0,,History
2025-06-02,HDHyundai,428000.0,,History
2025-06-04,HDHyundai,428000.0,,History
2025-06-05,HDHyundai,425000.0,,History
2025-06-09,HDHyundai,418000.0,,History
2025-06-10,HDHyundai,427000.0,,History
2025-06-11,HDHyundai,418000.0,,History
2025-06-12,HDHyundai,419500.0,,History
2025-06-13,HDHyundai,427500.0,,History
2025-06-16,HDHyundai,449000.0,,History
2025-06-17,HDHyundai,436500.0,,History
2025-06-18,HDHyundai,428500.0,,History
2025-06-19,HDHyundai,430500.0,,History
2025-06-20,HDHyundai,443000.0,,History
2025-06-23,HDHyundai,433500.0,,History
2025-06-24,HDHyundai,463500.0,,History
2025-06-25,HDHyundai,437000.0,,History
2025-06-26,HDHyundai,423500.0,,History
2025-06-27,HDHyundai,422000.0,,History
2025-06-30,HDHyundai,428500.0,,History
2025-07-01,HDHyundai,420500.0,,History
2025-07-02,HDHyundai,407500.0,,History
2025-07-03,HDHyundai,394000.0,,History
2025-07-04,HDHyundai,372000.0,,History
2025-07-07,HDHyundai,377500.0,,History
2025-07-08,HDHyundai,389500.0,,History
2025-07-09,HDHyundai,395000.0,,History
2025-07-10,HDHyundai,400500.0,,History
2025-07-11,HDHyundai,388000.0,,History
2025-07-14,HDHyundai,387000.0,,History
2025-07-15,HDHyundai,394500.0,,History
2025-07-16,HDHyundai,401500.0,,History
2025-07-17,HDHyundai,400500.0,,History
2025-07-18,HDHyundai,405500.0,,History
2025-07-21,HDHyundai,425000.0,,History
2025-07-22,HDHyundai,416500.0,,History
2025-07-23,HDHyundai,413000.0,,History
2025-07-24,HDHyundai,420000.0,,History
2025-07-25,HDHyundai,444500.0,,History
2025-07-28,HDHyundai,464500.0,,History
2025-07-29,HDHyundai,473500.0,,History
2025-07-30,HDHyundai,471000.0,,History
2025-07-31,HDHyundai,490500.0,,History
2025-08-01,HDHyundai,476500.0,,History
2025-08-04,HDHyundai,463500.0,,History
2025-08-05,HDHyundai,464000.0,,History
2025-08-06,HDHyundai,466500.0,,History
2025-08-07,HDHyundai,475000.0,,History
2025-08-08,HDHyundai,466500.0,,History
2025-08-11,HDHyundai,464000.0,,History
2025-08-12,HDHyundai,455500.0,,History
2025-08-13,HDHyundai,467000.0,,History
2025-08-14,HDHyundai,477000.0,,History
2025-08-18,HDHyundai,476000.0,,History
2025-08-19,HDHyundai,447500.0,,History
2025-08-20,HDHyundai,450500.0,,History
2025-08-21,HDHyundai,472000.0,,History
2025-08-22,HDHyundai,483000.0,,History
2025-08-25,HDHyundai,486500.0,,History
2025-08-26,HDHyundai,468000.0,,History
2025-08-27,HDHyundai,521000.0,,History
2025-08-28,HDHyundai,503000.0,,History
2025-08-29,HDHyundai,520000.0,,History
2025-09-01,HDHyundai,510000.0,,History
2025-09-02,HDHyundai,514000.0,,History
2025-09-03,HDHyundai,505000.0,,History
2025-09-04,HDHyundai,510000.0,,History
2025-09-05,HDHyundai,513000.0,,History
2025-09-08,HDHyundai,511000.0,,History
2025-09-09,HDHyundai,504000.0,,History
2025-09-10,HDHyundai,504000.0,,History
2025-09-11,HDHyundai,517000.0,,History
2025-09-12,HDHyundai,510000.0,,History
2025-09-15,HDHyundai,498500.0,,History
2025-09-16,HDHyundai,503000.0,,History
2025-09-17,HDHyundai,506000.0,,History
2025-09-18,HDHyundai,499500.0,,History
2025-09-19,HDHyundai,493000.0,,History
2025-09-22,HDHyundai,497500.0,,History
2025-09-23,HDHyundai,494500.0,,History
2025-09-24,HDHyundai,501000.0,,History
2025-09-25,HDHyundai,505000.0,,History
2025-09-26,HDHyundai,491500.0,,History
2025-09-29,HDHyundai,491500.0,,History
2025-09-30,HDHyundai,515000.0,,History
2025-10-01,HDHyundai,528000.0,,History
2025-10-02,HDHyundai,528000.0,,History
2025-10-10,HDHyundai,515000.0,,History
2025-10-13,HDHyundai,517000.0,,History
2025-10-14,HDHyundai,496000.0,,History
2025-10-15,HDHyundai,507000.0,,History
2025-10-16,HDHyundai,508000.0,,History
2025-10-17,HDHyundai,509000.0,,History
2025-10-20,HDHyundai,512000.0,,History
2025-10-21,HDHyundai,563000.0,,History
2025-10-22,HDHyundai,581000.0,,History
2025-10-23,HDHyundai,577000.0,,History
2025-10-24,HDHyundai,594000.0,,History
2025-10-27,HDHyundai,624000.0,,History
2025-10-28,HDHyundai,594000.0,,History
2025-10-29,HDHyundai,595000.0,,History
2025-10-30,HDHyundai,594000.0,,History
2025-10-31,HDHyundai,600000.0,,History
2025-11-03,HDHyundai,607000.0,,History
2025-11-04,HDHyundai,567000.0,,History
2025-11-05,HDHyundai,528000.0,,History
2025-11-06,HDHyundai,525000.0,,History
2025-11-07,HDHyundai,521000.0,,History
2025-11-10,HDHyundai,538000.0,,History
2025-11-11,HDHyundai,534000.0,,History
2025-11-12,HDHyundai,536000.0,,History
2025-11-13,HDHyundai,568000.0,,History
2025-11-14,HDHyundai,586000.0,,History
2025-11-17,HDHyundai,603000.0,,History
2025-11-18,HDHyundai,603000.0,,History
2025-11-19,HDHyundai,574000.0,,History
2025-11-20,HDHyundai,583000.0,,History
2025-11-21,HDHyundai,555000.0,,History
2025-11-24,HDHyundai,552000.0,,History
2025-11-25,HDHyundai,548000.0,,History
2025-11-26,HDHyundai,554000.0,,History
2025-11-27,HDHyundai,554000.0,,History
2025-11-28,HDHyundai,535000.0,,History
2025-12-01,HDHyundai,515000.0,,History
2025-12-02,HDHyundai,520000.0,,History
2025-12-03,HDHyundai,534000.0,,History
2025-12-04,HDHyundai,527000.0,,History
2025-12-05,HDHyundai,534000.0,,History
2025-12-08,HDHyundai,543000.0,,History
2025-12-09,HDHyundai,577000.0,,History
2025-12-10,HDHyundai,571000.0,,History
2025-12-11,HDHyundai,559000.0,,History
2025-12-12,HDHyundai,573000.0,,History
2025-12-13,HDHyundai,,575658.25,Prediction
2025-12-14,HDHyundai,,579561.2,Prediction
2025-12-15,HDHyundai,,583123.4,Prediction
2025-12-16,HDHyundai,,586395.3,Prediction
2025-12-17,HDHyundai,,589410.9,Prediction
2025-12-18,HDHyundai,,592215.0,Prediction
2025-12-19,HDHyundai,,594858.5,Prediction
2025-12-20,HDHyundai,,597390.0,Prediction
2025-12-21,HDHyundai,,599852.44,Prediction
2025-12-22,HDHyundai,,602278.75,Prediction
2025-12-23,HDHyundai,,604691.7,Prediction
2025-12-24,HDHyundai,,607103.6,Prediction
2025-12-25,HDHyundai,,609517.56,Prediction
2025-12-26,HDHyundai,,611930.44,Prediction
2025-12-27,HDHyundai,,614334.4,Prediction
2025-12-28,HDHyundai,,616719.56,Prediction
2025-12-29,HDHyundai,,619075.4,Prediction
2025-12-30,HDHyundai,,621392.9,Prediction
2025-12-31,HDHyundai,,623664.9,Prediction
2026-01-01,HDHyundai,,625886.56,Prediction
2026-01-02,HDHyundai,,628056.0,Prediction
2026-01-03,HDHyundai,,630173.25,Prediction
2026-01-04,HDHyundai,,632239.8,Prediction
2026-01-05,HDHyundai,,634258.4,Prediction
2026-01-06,HDHyundai,,636232.56,Prediction
2026-01-07,HDHyundai,,638165.5,Prediction
2026-01-08,HDHyundai,,640060.2,Prediction
2026-01-09,HDHyundai,,641919.3,Prediction
2026-01-10,HDHyundai,,643744.44,Prediction
2026-01-11,HDHyundai,,645536.75,Prediction
2023-02-01,Hanwha,23500.0,,History
2023-02-02,Hanwha,23450.0,,History
2023-02-03,Hanwha,24400.0,,History
2023-02-06,Hanwha,24350.0,,History
2023-02-07,Hanwha,23600.0,,History
2023-02-08,Hanwha,22950.0,,History
2023-02-09,Hanwha,23850.0,,History
2023-02-10,Hanwha,24750.0,,History
2023-02-13,Hanwha,26000.0,,History
2023-02-14,Hanwha,26500.0,,History
2023-02-15,Hanwha,26150.0,,History
2023-02-16,Hanwha,26000.0,,History
2023-02-17,Hanwha,25150.0,,History
2023-02-20,Hanwha,24550.0,,History
2023-02-21,Hanwha,26000.0,,History
2023-02-22,Hanwha,26150.0,,History
2023-02-23,Hanwha,26000.0,,History
2023-02-24,Hanwha,25950.0,,History
2023-02-27,Hanwha,25450.0,,History
2023-02-28,Hanwha,25750.0,,History
2023-03-02,Hanwha,25800.0,,History
2023-03-03,Hanwha,24600.0,,History
2023-03-06,Hanwha,24000.0,,History
2023-03-07,Hanwha,23450.0,,History
2023-03-08,Hanwha,22300.0,,History
2023-03-09,Hanwha,22250.0,,History
2023-03-10,Hanwha,22350.0,,History
2023-03-13,Hanwha,22450.0,,History
2023-03-14,Hanwha,22700.0,,History
2023-03-15,Hanwha,24100.0,,History
2023-03-16,Hanwha,23900.0,,History
2023-03-17,Hanwha,23400.0,,History
2023-03-20,Hanwha,23250.0,,History
2023-03-21,Hanwha,24550.0,,History
2023-03-22,Hanwha,24550.0,,History
2023-03-23,Hanwha,24200.0,,History
2023-03-24,Hanwha,23600.0,,History
2023-03-27,Hanwha,23300.0,,History
2023-03-28,Hanwha,24900.0,,History
2023-03-29,Hanwha,23850.0,,History
2023-03-30,Hanwha,23800.0,,History
2023-03-31,Hanwha,24500.0,,History
2023-04-03,Hanwha,25350.0,,History
2023-04-04,Hanwha,26050.0,,History
2023-04-05,Hanwha,25650.0,,History
2023-04-06,Hanwha,25100.0,,History
2023-04-07,Hanwha,24950.0,,History
2023-04-10,Hanwha,24850.0,,History
2023-04-11,Hanwha,25000.0,,History
2023-04-12,Hanwha,25650.0,,History
2023-04-13,Hanwha,26300.0,,History
2023-04-14,Hanwha,26600.0,,History
2023-04-17,Hanwha,28250.0,,History
2023-04-18,Hanwha,28050.0,,History
2023-04-19,Hanwha,29700.0,,History
2023-04-20,Hanwha,29800.0,,History
2023-04-21,Hanwha,28100.0,,History
2023-04-24,Hanwha,28200.0,,History
2023-04-25,Hanwha,28550.0,,History
2023-04-26,Hanwha,27550.0,,History
2023-04-27,Hanwha,27000.0,,History
2023-04-28,Hanwha,26950.0,,History
2023-05-02,Hanwha,26250.0,,History
2023-05-03,Hanwha,25450.0,,History
2023-05-04,Hanwha,25200.0,,History
2023-05-08,Hanwha,25400.0,,History
2023-05-09,Hanwha,26550.0,,History
2023-05-10,Hanwha,25550.0,,History
2023-05-11,Hanwha,25550.0,,History
2023-05-12,Hanwha,24950.0,,History
2023-05-15,Hanwha,25200.0,,History
2023-05-16,Hanwha,25250.0,,History
2023-05-17,Hanwha,25350.0,,History
2023-05-18,Hanwha,25400.0,,History
2023-05-19,Hanwha,25950.0,,History
2023-05-22,Hanwha,29000.0,,History
2023-05-23,Hanwha,28800.0,,History
2023-05-24,Hanwha,30950.0,,History
2023-05-25,Hanwha,29100.0,,History
2023-05-26,Hanwha,28650.0,,History
2023-05-30,Hanwha,28650.0,,History
2023-05-31,Hanwha,28350.0,,History
2023-06-01,Hanwha,27200.0,,History
2023-06-02,Hanwha,27300.0,,History
2023-06-05,Hanwha,28800.0,,History
2023-06-07,Hanwha,29050.0,,History
2023-06-08,Hanwha,29150.0,,History
2023-06-09,Hanwha,29000.0,,History
2023-06-12,Hanwha,30100.0,,History
2023-06-13,Hanwha,28050.0,,History
2023-06-14,Hanwha,29200.0,,History
2023-06-15,Hanwha,29600.0,,History
2023-06-16,Hanwha,33150.0,,History
2023-06-19,Hanwha,34100.0,,History
2023-06-20,Hanwha,38200.0,,History
2023-06-21,Hanwha,39300.0,,History
2023-06-22,Hanwha,39100.0,,History
2023-06-23,Hanwha,37650.0,,History
2023-06-26,Hanwha,36850.0,,History
2023-06-27,Hanwha,37700.0,,History
2023-06-28,Hanwha,37450.0,,History
2023-06-29,Hanwha,37600.0,,History
2023-06-30,Hanwha,37700.0,,History
2023-07-03,Hanwha,37900.0,,History
2023-07-04,Hanwha,38400.0,,History
2023-07-05,Hanwha,38700.0,,History
2023-07-06,Hanwha,38800.0,,History
2023-07-07,Hanwha,41100.0,,History
2023-07-10,Hanwha,42050.0,,History
2023-07-11,Hanwha,44900.0,,History
2023-07-12,Hanwha,46000.0,,History
2023-07-13,Hanwha,48450.0,,History
2023-07-14,Hanwha,47700.0,,History
2023-07-17,Hanwha,47100.0,,History
2023-07-18,Hanwha,46500.0,,History
2023-07-19,Hanwha,46500.0,,History
2023-07-20,Hanwha,44350.0,,History
2023-07-21,Hanwha,44000.0,,History
2023-07-24,Hanwha,43400.0,,History
2023-07-25,Hanwha,45350.0,,History
2023-07-26,Hanwha,43300.0,,History
2023-07-27,Hanwha,42150.0,,History
2023-07-28,Hanwha,45200.0,,History
2023-07-31,Hanwha,46750.0,,History
2023-08-01,Hanwha,48900.0,,History
2023-08-02,Hanwha,47400.0,,History
2023-08-03,Hanwha,46100.0,,History
2023-08-04,Hanwha,46500.0,,History
2023-08-07,Hanwha,45250.0,,History
2023-08-08,Hanwha,46500.0,,History
2023-08-09,Hanwha,45650.0,,History
2023-08-10,Hanwha,46450.0,,History
2023-08-11,Hanwha,46400.0,,History
2023-08-14,Hanwha,43300.0,,History
2023-08-16,Hanwha,40650.0,,History
2023-08-17,Hanwha,39800.0,,History
2023-08-18,Hanwha,38250.0,,History
2023-08-21,Hanwha,37750.0,,History
2023-08-22,Hanwha,35850.0,,History
2023-08-23,Hanwha,35200.0,,History
2023-08-24,Hanwha,35050.0,,History
2023-08-25,Hanwha,35000.0,,History
2023-08-28,Hanwha,37650.0,,History
2023-08-29,Hanwha,40250.0,,History
2023-08-30,Hanwha,39550.0,,History
2023-08-31,Hanwha,38350.0,,History
2023-09-01,Hanwha,35000.0,,History
2023-09-04,Hanwha,36100.0,,History
2023-09-05,Hanwha,35450.0,,History
2023-09-06,Hanwha,35600.0,,History
2023-09-07,Hanwha,35100.0,,History
2023-09-08,Hanwha,34600.0,,History
2023-09-11,Hanwha,35300.0,,History
2023-09-12,Hanwha,34850.0,,History
2023-09-13,Hanwha,34600.0,,History
2023-09-14,Hanwha,34400.0,,History
2023-09-15,Hanwha,35450.0,,History
2023-09-18,Hanwha,35300.0,,History
2023-09-19,Hanwha,34750.0,,History
2023-09-20,Hanwha,35050.0,,History
2023-09-21,Hanwha,35400.0,,History
2023-09-22,Hanwha,30150.0,,History
2023-09-25,Hanwha,31050.0,,History
2023-09-26,Hanwha,30600.0,,History
2023-09-27,Hanwha,30950.0,,History
2023-10-04,Hanwha,29550.0,,History
2023-10-05,Hanwha,29250.0,,History
2023-10-06,Hanwha,28800.0,,History
2023-10-10,Hanwha,28650.0,,History
2023-10-11,Hanwha,29600.0,,History
2023-10-12,Hanwha,29600.0,,History
2023-10-13,Hanwha,27700.0,,History
2023-10-16,Hanwha,27700.0,,History
2023-10-17,Hanwha,27250.0,,History
2023-10-18,Hanwha,26450.0,,History
2023-10-19,Hanwha,25850.0,,History
2023-10-20,Hanwha,25400.0,,History
2023-10-23,Hanwha,24400.0,,History
2023-10-24,Hanwha,24700.0,,History
2023-10-25,Hanwha,25400.0,,History
2023-10-26,Hanwha,24650.0,,History
2023-10-27,Hanwha,24400.0,,History
2023-10-30,Hanwha,24750.0,,History
2023-10-31,Hanwha,23600.0,,History
2023-11-01,Hanwha,23550.0,,History
2023-11-02,Hanwha,23900.0,,History
2023-11-03,Hanwha,23900.0,,History
2023-11-06,Hanwha,26800.0,,History
2023-11-07,Hanwha,26300.0,,History
2023-11-08,Hanwha,24550.0,,History
2023-11-09,Hanwha,24100.0,,History
2023-11-10,Hanwha,23700.0,,History
2023-11-13,Hanwha,22650.0,,History
2023-11-14,Hanwha,23200.0,,History
2023-11-15,Hanwha,25050.0,,History
2023-11-16,Hanwha,25400.0,,History
2023-11-17,Hanwha,24500.0,,History
2023-11-20,Hanwha,27450.0,,History
2023-11-21,Hanwha,26750.0,,History
2023-11-22,Hanwha,27600.0,,History
2023-11-23,Hanwha,27200.0,,History
2023-11-24,Hanwha,22650.0,,History
2023-11-27,Hanwha,23350.0,,History
2023-11-28,Hanwha,25550.0,,History
2023-11-29,Hanwha,26800.0,,History
2023-11-30,Hanwha,27300.0,,History
2023-12-01,Hanwha,27150.0,,History
2023-12-04,Hanwha,26950.0,,History
2023-12-05,Hanwha,25750.0,,History
2023-12-06,Hanwha,26550.0,,History
2023-12-07,Hanwha,25700.0,,History
2023-12-08,Hanwha,25750.0,,History
2023-12-11,Hanwha,25450.0,,History
2023-12-12,Hanwha,26250.0,,History
2023-12-13,Hanwha,26050.0,,History
2023-12-14,Hanwha,25850.0,,History
2023-12-15,Hanwha,27150.0,,History
2023-12-18,Hanwha,26300.0,,History
2023-12-19,Hanwha,25500.0,,History
2023-12-20,Hanwha,25500.0,,History
2023-12-21,Hanwha,24500.0,,History
2023-12-22,Hanwha,24550.0,,History
2023-12-26,Hanwha,24600.0,,History
2023-12-27,Hanwha,24950.0,,History
2023-12-28,Hanwha,25100.0,,History
2024-01-02,Hanwha,25450.0,,History
2024-01-03,Hanwha,24900.0,,History
2024-01-04,Hanwha,25100.0,,History
2024-01-05,Hanwha,24900.0,,History
2024-01-08,Hanwha,24200.0,,History
2024-01-09,Hanwha,23800.0,,History
2024-01-10,Hanwha,23500.0,,History
2024-01-11,Hanwha,22750.0,,History
2024-01-12,Hanwha,23000.0,,History
2024-01-15,Hanwha,23050.0,,History
2024-01-16,Hanwha,22100.0,,History
2024-01-17,Hanwha,21400.0,,History
2024-01-18,Hanwha,21600.0,,History
2024-01-19,Hanwha,22400.0,,History
2024-01-22,Hanwha,22250.0,,History
2024-01-23,Hanwha,22250.0,,History
2024-01-24,Hanwha,21900.0,,History
2024-01-25,Hanwha,22200.0,,History
2024-01-26,Hanwha,21950.0,,History
2024-01-29,Hanwha,22000.0,,History
2024-01-30,Hanwha,21700.0,,History
2024-01-31,Hanwha,21950.0,,History
2024-02-01,Hanwha,22050.0,,History
2024-02-02,Hanwha,22550.0,,History
2024-02-05,Hanwha,22350.0,,History
2024-02-06,Hanwha,22300.0,,History
2024-02-07,Hanwha,22850.0,,History
2024-02-08,Hanwha,23000.0,,History
2024-02-13,Hanwha,23500.0,,History
2024-02-14,Hanwha,23100.0,,History
2024-02-15,Hanwha,22650.0,,History
2024-02-16,Hanwha,22500.0,,History
2024-02-19,Hanwha,22550.0,,History
2024-02-20,Hanwha,22050.0,,History
2024-02-21,Hanwha,22150.0,,History
2024-02-22,Hanwha,21750.0,,History
2024-02-23,Hanwha,21900.0,,History
2024-02-26,Hanwha,22950.0,,History
2024-02-27,Hanwha,24150.0,,History
2024-02-28,Hanwha,24300.0,,History
2024-02-29,Hanwha,23600.0,,History
2024-03-04,Hanwha,22900.0,,History
2024-03-05,Hanwha,22500.0,,History
2024-03-06,Hanwha,22300.0,,History
2024-03-07,Hanwha,22700.0,,History
2024-03-08,Hanwha,22550.0,,History
2024-03-11,Hanwha,24450.0,,History
2024-03-12,Hanwha,24250.0,,History
2024-03-13,Hanwha,24250.0,,History
2024-03-14,Hanwha,27000.0,,History
2024-03-15,Hanwha,27000.0,,History
2024-03-18,Hanwha,29100.0,,History
2024-03-19,Hanwha,28200.0,,History
2024-03-20,Hanwha,29400.0,,History
2024-03-21,Hanwha,30350.0,,History
2024-03-22,Hanwha,30700.0,,History
2024-03-25,Hanwha,30000.0,,History
2024-03-26,Hanwha,29500.0,,History
2024-03-27,Hanwha,28200.0,,History
2024-03-28,Hanwha,27400.0,,History
2024-03-29,Hanwha,27600.0,,History
2024-04-01,Hanwha,27950.0,,History
2024-04-02,Hanwha,28250.0,,History
2024-04-03,Hanwha,27750.0,,History
2024-04-04,Hanwha,25850.0,,History
2024-04-05,Hanwha,27150.0,,History
2024-04-08,Hanwha,26800.0,,History
2024-04-09,Hanwha,27250.0,,History
2024-04-11,Hanwha,26150.0,,History
2024-04-12,Hanwha,28500.0,,History
2024-04-15,Hanwha,29650.0,,History
2024-04-16,Hanwha,29000.0,,History
2024-04-17,Hanwha,29000.0,,History
2024-04-18,Hanwha,33300.0,,History
2024-04-19,Hanwha,32700.0,,History
2024-04-22,Hanwha,32200.0,,History
2024-04-23,Hanwha,34750.0,,History
2024-04-24,Hanwha,34450.0,,History
2024-04-25,Hanwha,32600.0,,History
2024-04-26,Hanwha,32500.0,,History
2024-04-29,Hanwha,33200.0,,History
2024-04-30,Hanwha,32050.0,,History
2024-05-02,Hanwha,31200.0,,History
2024-05-03,Hanwha,31000.0,,History
2024-05-07,Hanwha,32200.0,,History
2024-05-08,Hanwha,32450.0,,History
2024-05-09,Hanwha,32550.0,,History
2024-05-10,Hanwha,31650.0,,History
2024-05-13,Hanwha,33200.0,,History
2024-05-14,Hanwha,32500.0,,History
2024-05-16,Hanwha,32900.0,,History
2024-05-17,Hanwha,32050.0,,History
2024-05-20,Hanwha,31250.0,,History
2024-05-21,Hanwha,31150.0,,History
2024-05-22,Hanwha,30300.0,,History
2024-05-23,Hanwha,30800.0,,History
2024-05-24,Hanwha,31700.0,,History
2024-05-27,Hanwha,30800.0,,History
2024-05-28,Hanwha,30900.0,,History
2024-05-29,Hanwha,30750.0,,History
2024-05-30,Hanwha,29850.0,,History
2024-05-31,Hanwha,29700.0,,History
2024-06-03,Hanwha,31100.0,,History
2024-06-04,Hanwha,29900.0,,History
2024-06-05,Hanwha,28950.0,,History
2024-06-07,Hanwha,30500.0,,History
2024-06-10,Hanwha,30300.0,,History
2024-06-11,Hanwha,30350.0,,History
2024-06-12,Hanwha,31900.0,,History
2024-06-13,Hanwha,31450.0,,History
2024-06-14,Hanwha,32250.0,,History
2024-06-17,Hanwha,32500.0,,History
2024-06-18,Hanwha,31850.0,,History
2024-06-19,Hanwha,33100.0,,History
2024-06-20,Hanwha,32050.0,,History
2024-06-21,Hanwha,31750.0,,History
2024-06-24,Hanwha,32000.0,,History
2024-06-25,Hanwha,31700.0,,History
2024-06-26,Hanwha,30300.0,,History
2024-06-27,Hanwha,29750.0,,History
2024-06-28,Hanwha,30550.0,,History
2024-07-01,Hanwha,31450.0,,History
2024-07-02,Hanwha,31100.0,,History
2024-07-03,Hanwha,30050.0,,History
2024-07-04,Hanwha,30150.0,,History
2024-07-05,Hanwha,30100.0,,History
2024-07-08,Hanwha,30400.0,,History
2024-07-09,Hanwha,30250.0,,History
2024-07-10,Hanwha,29850.0,,History
2024-07-11,Hanwha,30000.0,,History
2024-07-12,Hanwha,29900.0,,History
2024-07-15,Hanwha,30100.0,,History
2024-07-16,Hanwha,30500.0,,History
2024-07-17,Hanwha,31400.0,,History
2024-07-18,Hanwha,30450.0,,History
2024-07-19,Hanwha,30100.0,,History
2024-07-22,Hanwha,30400.0,,History
2024-07-23,Hanwha,30950.0,,History
2024-07-24,Hanwha,30300.0,,History
2024-07-25,Hanwha,29000.0,,History
2024-07-26,Hanwha,30950.0,,History
2024-07-29,Hanwha,30100.0,,History
2024-07-30,Hanwha,30100.0,,History
2024-07-31,Hanwha,30550.0,,History
2024-08-01,Hanwha,32600.0,,History
2024-08-02,Hanwha,31150.0,,History
2024-08-05,Hanwha,26950.0,,History
2024-08-06,Hanwha,29300.0,,History
2024-08-07,Hanwha,30400.0,,History
2024-08-08,Hanwha,31350.0,,History
2024-08-09,Hanwha,31500.0,,History
2024-08-12,Hanwha,31500.0,,History
2024-08-13,Hanwha,30950.0,,History
2024-08-14,Hanwha,31250.0,,History
2024-08-16,Hanwha,31800.0,,History
2024-08-19,Hanwha,31300.0,,History
2024-08-20,Hanwha,32800.0,,History
2024-08-21,Hanwha,33200.0,,History
2024-08-22,Hanwha,32250.0,,History
2024-08-23,Hanwha,33150.0,,History
2024-08-26,Hanwha,32700.0,,History
2024-08-27,Hanwha,33200.0,,History
2024-08-28,Hanwha,32350.0,,History
2024-08-29,Hanwha,32700.0,,History
2024-08-30,Hanwha,34550.0,,History
2024-09-02,Hanwha,34550.0,,History
2024-09-03,Hanwha,34000.0,,History
2024-09-04,Hanwha,32750.0,,History
2024-09-05,Hanwha,32100.0,,History
2024-09-06,Hanwha,30650.0,,History
2024-09-09,Hanwha,30100.0,,History
2024-09-10,Hanwha,29700.0,,History
2024-09-11,Hanwha,29050.0,,History
2024-09-12,Hanwha,30300.0,,History
2024-09-13,Hanwha,30600.0,,History
2024-09-19,Hanwha,31600.0,,History
2024-09-20,Hanwha,32750.0,,History
2024-09-23,Hanwha,32650.0,,History
2024-09-24,Hanwha,32350.0,,History
2024-09-25,Hanwha,32100.0,,History
2024-09-26,Hanwha,32000.0,,History
2024-09-27,Hanwha,30550.0,,History
2024-09-30,Hanwha,30550.0,,History
2024-10-02,Hanwha,30600.0,,History
2024-10-04,Hanwha,31300.0,,History
2024-10-07,Hanwha,31000.0,,History
2024-10-08,Hanwha,30850.0,,History
2024-10-10,Hanwha,31700.0,,History
2024-10-11,Hanwha,30850.0,,History
2024-10-14,Hanwha,30700.0,,History
2024-10-15,Hanwha,31150.0,,History
2024-10-16,Hanwha,30950.0,,History
2024-10-17,Hanwha,31350.0,,History
2024-10-18,Hanwha,30850.0,,History
2024-10-21,Hanwha,31000.0,,History
2024-10-22,Hanwha,30500.0,,History
2024-10-23,Hanwha,30550.0,,History
2024-10-24,Hanwha,29750.0,,History
2024-10-25,Hanwha,29750.0,,History
2024-10-28,Hanwha,29550.0,,History
2024-10-29,Hanwha,28450.0,,History
2024-10-30,Hanwha,27550.0,,History
2024-10-31,Hanwha,26750.0,,History
2024-11-01,Hanwha,26800.0,,History
2024-11-04,Hanwha,27050.0,,History
2024-11-05,Hanwha,27600.0,,History
2024-11-06,Hanwha,27800.0,,History
2024-11-07,Hanwha,33850.0,,History
2024-11-08,Hanwha,36200.0,,History
2024-11-11,Hanwha,37300.0,,History
2024-11-12,Hanwha,36800.0,,History
2024-11-13,Hanwha,33800.0,,History
2024-11-14,Hanwha,39200.0,,History
2024-11-15,Hanwha,39100.0,,History
2024-11-18,Hanwha,38100.0,,History
2024-11-19,Hanwha,37050.0,,History
2024-11-20,Hanwha,37550.0,,History
2024-11-21,Hanwha,35850.0,,History
2024-11-22,Hanwha,38150.0,,History
2024-11-25,Hanwha,37750.0,,History
2024-11-26,Hanwha,36000.0,,History
2024-11-27,Hanwha,36400.0,,History
2024-11-28,Hanwha,36000.0,,History
2024-11-29,Hanwha,35000.0,,History
2024-12-02,Hanwha,33200.0,,History
2024-12-03,Hanwha,34500.0,,History
2024-12-04,Hanwha,33750.0,,History
2024-12-05,Hanwha,32550.0,,History
2024-12-06,Hanwha,31900.0,,History
2024-12-09,Hanwha,29850.0,,History
2024-12-10,Hanwha,31800.0,,History
2024-12-11,Hanwha,33100.0,,History
2024-12-12,Hanwha,33150.0,,History
2024-12-13,Hanwha,34050.0,,History
2024-12-16,Hanwha,33700.0,,History
2024-12-17,Hanwha,32300.0,,History
2024-12-18,Hanwha,32350.0,,History
2024-12-19,Hanwha,32250.0,,History
2024-12-20,Hanwha,33400.0,,History
2024-12-23,Hanwha,35750.0,,History
2024-12-24,Hanwha,36000.0,,History
2024-12-26,Hanwha,37750.0,,History
2024-12-27,Hanwha,36900.0,,History
2024-12-30,Hanwha,37350.0,,History
2025-01-02,Hanwha,37800.0,,History
2025-01-03,Hanwha,37350.0,,History
2025-01-06,Hanwha,38100.0,,History
2025-01-07,Hanwha,42900.0,,History
2025-01-08,Hanwha,44300.0,,History
2025-01-09,Hanwha,44750.0,,History
2025-01-10,Hanwha,45000.0,,History
2025-01-13,Hanwha,45150.0,,History
2025-01-14,Hanwha,47950.0,,History
2025-01-15,Hanwha,51000.0,,History
2025-01-16,Hanwha,51500.0,,History
2025-01-17,Hanwha,50700.0,,History
2025-01-20,Hanwha,51800.0,,History
2025-01-21,Hanwha,54700.0,,History
2025-01-22,Hanwha,52900.0,,History
2025-01-23,Hanwha,51500.0,,History
2025-01-24,Hanwha,56700.0,,History
2025-01-31,Hanwha,57200.0,,History
2025-02-03,Hanwha,57100.0,,History
2025-02-04,Hanwha,60900.0,,History
2025-02-05,Hanwha,60000.0,,History
2025-02-06,Hanwha,61700.0,,History
2025-02-07,Hanwha,61900.0,,History
2025-02-10,Hanwha,58100.0,,History
2025-02-11,Hanwha,63300.0,,History
2025-02-12,Hanwha,72900.0,,History
2025-02-13,Hanwha,77500.0,,History
2025-02-14,Hanwha,77900.0,,History
2025-02-17,Hanwha,77900.0,,History
2025-02-18,Hanwha,77600.0,,History
2025-02-19,Hanwha,78200.0,,History
2025-02-20,Hanwha,72900.0,,History
2025-02-21,Hanwha,73000.0,,History
2025-02-24,Hanwha,71500.0,,History
2025-02-25,Hanwha,75200.0,,History
2025-02-26,Hanwha,72500.0,,History
2025-02-27,Hanwha,74000.0,,History
2025-02-28,Hanwha,74300.0,,History
2025-03-04,Hanwha,85100.0,,History
2025-03-05,Hanwha,80500.0,,History
2025-03-06,Hanwha,79700.0,,History
2025-03-07,Hanwha,80400.0,,History
2025-03-10,Hanwha,79800.0,,History
2025-03-11,Hanwha,78000.0,,History
2025-03-12,Hanwha,71000.0,,History
2025-03-13,Hanwha,73500.0,,History
2025-03-14,Hanwha,74300.0,,History
2025-03-17,Hanwha,76300.0,,History
2025-03-18,Hanwha,81400.0,,History
2025-03-19,Hanwha,80100.0,,History
2025-03-20,Hanwha,74800.0,,History
2025-03-21,Hanwha,73100.0,,History
2025-03-24,Hanwha,73100.0,,History
2025-03-25,Hanwha,68500.0,,History
2025-03-26,Hanwha,70400.0,,History
2025-03-27,Hanwha,67500.0,,History
2025-03-28,Hanwha,67000.0,,History
2025-03-31,Hanwha,67100.0,,History
2025-04-01,Hanwha,69300.0,,History
2025-04-02,Hanwha,69600.0,,History
2025-04-03,Hanwha,71600.0,,History
2025-04-04,Hanwha,69300.0,,History
2025-04-07,Hanwha,62500.0,,History
2025-04-08,Hanwha,67700.0,,History
2025-04-09,Hanwha,68600.0,,History
2025-04-10,Hanwha,73100.0,,History
2025-04-11,Hanwha,77600.0,,History
2025-04-14,Hanwha,80100.0,,History
2025-04-15,Hanwha,79400.0,,History
2025-04-16,Hanwha,77300.0,,History
2025-04-17,Hanwha,77900.0,,History
2025-04-18,Hanwha,78400.0,,History
2025-04-21,Hanwha,77900.0,,History
2025-04-22,Hanwha,79000.0,,History
2025-04-23,Hanwha,79900.0,,History
2025-04-24,Hanwha,80900.0,,History
2025-04-25,Hanwha,89900.0,,History
2025-04-28,Hanwha,89300.0,,History
2025-04-29,Hanwha,78500.0,,History
2025-04-30,Hanwha,78500.0,,History
2025-05-02,Hanwha,78900.0,,History
2025-05-07,Hanwha,80400.0,,History
2025-05-08,Hanwha,80300.0,,History
2025-05-09,Hanwha,79800.0,,History
2025-05-12,Hanwha,76200.0,,History
2025-05-13,Hanwha,77700.0,,History
2025-05-14,Hanwha,79500.0,,History
2025-05-15,Hanwha,80500.0,,History
2025-05-16,Hanwha,81200.0,,History
2025-05-19,Hanwha,78900.0,,History
2025-05-20,Hanwha,77600.0,,History
2025-05-21,Hanwha,79200.0,,History
2025-05-22,Hanwha,77300.0,,History
2025-05-23,Hanwha,76000.0,,History
2025-05-26,Hanwha,78900.0,,History
2025-05-27,Hanwha,78800.0,,History
2025-05-28,Hanwha,76500.0,,History
2025-05-29,Hanwha,78100.0,,History
2025-05-30,Hanwha,78000.0,,History
2025-06-02,Hanwha,77800.0,,History
2025-06-04,Hanwha,76800.0,,History
2025-06-05,Hanwha,78000.0,,History
2025-06-09,Hanwha,75600.0,,History
2025-06-10,Hanwha,78900.0,,History
2025-06-11,Hanwha,79400.0,,History
2025-06-12,Hanwha,84000.0,,History
2025-06-13,Hanwha,84700.0,,History
2025-06-16,Hanwha,85300.0,,History
2025-06-17,Hanwha,92000.0,,History
2025-06-18,Hanwha,92400.0,,History
2025-06-19,Hanwha,89200.0,,History
2025-06-20,Hanwha,88600.0,,History
2025-06-23,Hanwha,86300.0,,History
2025-06-24,Hanwha,87400.0,,History
2025-06-25,Hanwha,82500.0,,History
2025-06-26,Hanwha,80300.0,,History
2025-06-27,Hanwha,79400.0,,History
2025-06-30,Hanwha,79400.0,,History
2025-07-01,Hanwha,78800.0,,History
2025-07-02,Hanwha,76600.0,,History
2025-07-03,Hanwha,77000.0,,History
2025-07-04,Hanwha,73100.0,,History
2025-07-07,Hanwha,73900.0,,History
2025-07-08,Hanwha,76700.0,,History
2025-07-09,Hanwha,78100.0,,History
2025-07-10,Hanwha,78200.0,,History
2025-07-11,Hanwha,77500.0,,History
2025-07-14,Hanwha,76600.0,,History
2025-07-15,Hanwha,78000.0,,History
2025-07-16,Hanwha,78000.0,,History
2025-07-17,Hanwha,80700.0,,History
2025-07-18,Hanwha,80400.0,,History
2025-07-21,Hanwha,84400.0,,History
2025-07-22,Hanwha,86100.0,,History
2025-07-23,Hanwha,83500.0,,History
2025-07-24,Hanwha,88800.0,,History
2025-07-25,Hanwha,90000.0,,History
2025-07-28,Hanwha,97600.0,,History
2025-07-29,Hanwha,96800.0,,History
2025-07-30,Hanwha,99000.0,,History
2025-07-31,Hanwha,112300.0,,History
2025-08-01,Hanwha,117400.0,,History
2025-08-04,Hanwha,114300.0,,History
2025-08-05,Hanwha,116100.0,,History
2025-08-06,Hanwha,114200.0,,History
2025-08-07,Hanwha,117000.0,,History
2025-08-08,Hanwha,117700.0,,History
2025-08-11,Hanwha,107000.0,,History
2025-08-12,Hanwha,104000.0,,History
2025-08-13,Hanwha,106300.0,,History
2025-08-14,Hanwha,106600.0,,History
2025-08-18,Hanwha,109200.0,,History
2025-08-19,Hanwha,106000.0,,History
2025-08-20,Hanwha,105200.0,,History
2025-08-21,Hanwha,111400.0,,History
2025-08-22,Hanwha,114000.0,,History
2025-08-25,Hanwha,114900.0,,History
2025-08-26,Hanwha,107800.0,,History
2025-08-27,Hanwha,110900.0,,History
2025-08-28,Hanwha,109800.0,,History
2025-08-29,Hanwha,112000.0,,History
2025-09-01,Hanwha,116400.0,,History
2025-09-02,Hanwha,123200.0,,History
2025-09-03,Hanwha,117700.0,,History
2025-09-04,Hanwha,118900.0,,History
2025-09-05,Hanwha,112500.0,,History
2025-09-08,Hanwha,110900.0,,History
2025-09-09,Hanwha,110000.0,,History
2025-09-10,Hanwha,110700.0,,History
2025-09-11,Hanwha,112600.0,,History
2025-09-12,Hanwha,113200.0,,History
2025-09-15,Hanwha,109500.0,,History
2025-09-16,Hanwha,110800.0,,History
2025-09-17,Hanwha,113000.0,,History
2025-09-18,Hanwha,111000.0,,History
2025-09-19,Hanwha,111700.0,,History
2025-09-22,Hanwha,109600.0,,History
2025-09-23,Hanwha,110500.0,,History
2025-09-24,Hanwha,110600.0,,History
2025-09-25,Hanwha,109600.0,,History
2025-09-26,Hanwha,107000.0,,History
2025-09-29,Hanwha,107000.0,,History
2025-09-30,Hanwha,110300.0,,History
2025-10-01,Hanwha,110400.0,,History
2025-10-02,Hanwha,111500.0,,History
2025-10-10,Hanwha,109300.0,,History
2025-10-13,Hanwha,109400.0,,History
2025-10-14,Hanwha,103100.0,,History
2025-10-15,Hanwha,105100.0,,History
2025-10-16,Hanwha,109100.0,,History
2025-10-17,Hanwha,107200.0,,History
2025-10-20,Hanwha,113700.0,,History
2025-10-21,Hanwha,120700.0,,History
2025-10-22,Hanwha,132400.0,,History
2025-10-23,Hanwha,134900.0,,History
2025-10-24,Hanwha,135200.0,,History
2025-10-27,Hanwha,139700.0,,History
2025-10-28,Hanwha,131500.0,,History
2025-10-29,Hanwha,131900.0,,History
2025-10-30,Hanwha,141000.0,,History
2025-10-31,Hanwha,137600.0,,History
2025-11-03,Hanwha,138800.0,,History
2025-11-04,Hanwha,136600.0,,History
2025-11-05,Hanwha,126400.0,,History
2025-11-06,Hanwha,123000.0,,History
2025-11-07,Hanwha,126800.0,,History
2025-11-10,Hanwha,129600.0,,History
2025-11-11,Hanwha,126600.0,,History
2025-11-12,Hanwha,126500.0,,History
2025-11-13,Hanwha,130500.0,,History
2025-11-14,Hanwha,129100.0,,History
2025-11-17,Hanwha,130900.0,,History
2025-11-18,Hanwha,127800.0,,History
2025-11-19,Hanwha,123000.0,,History
2025-11-20,Hanwha,125000.0,,History
2025-11-21,Hanwha,119800.0,,History
2025-11-24,Hanwha,118800.0,,History
2025-11-25,Hanwha,113000.0,,History
2025-11-26,Hanwha,113900.0,,History
2025-11-27,Hanwha,110500.0,,History
2025-11-28,Hanwha,107800.0,,History
2025-12-01,Hanwha,105000.0,,History
2025-12-02,Hanwha,106100.0,,History
2025-12-03,Hanwha,108200.0,,History
2025-12-04,Hanwha,106500.0,,History
2025-12-05,Hanwha,108500.0,,History
2025-12-08,Hanwha,114000.0,,History
2025-12-09,Hanwha,115200.0,,History
2025-12-10,Hanwha,112500.0,,History
2025-12-11,Hanwha,113100.0,,History
2025-12-12,Hanwha,114100.0,,History
2025-12-13,Hanwha,,115332.695,Prediction
2025-12-14,Hanwha,,116824.85,Prediction
2025-12-15,Hanwha,,118419.2,Prediction
2025-12-16,Hanwha,,120052.27,Prediction
2025-12-17,Hanwha,,121653.414,Prediction
2025-12-18,Hanwha,,123176.89,Prediction
2025-12-19,Hanwha,,124596.375,Prediction
2025-12-20,Hanwha,,125899.414,Prediction
2025-12-21,Hanwha,,127082.05,Prediction
2025-12-22,Hanwha,,128144.13,Prediction
2025-12-23,Hanwha,,129086.68,Prediction
2025-12-24,Hanwha,,129910.305,Prediction
2025-12-25,Hanwha,,130615.08,Prediction
2025-12-26,Hanwha,,131201.4,Prediction
2025-12-27,Hanwha,,131670.7,Prediction
2025-12-28,Hanwha,,132026.2,Prediction
2025-12-29,Hanwha,,132273.36,Prediction
2025-12-30,Hanwha,,132419.88,Prediction
2025-12-31,Hanwha,,132475.27,Prediction
2026-01-01,Hanwha,,132450.66,Prediction
2026-01-02,Hanwha,,132358.31,Prediction
2026-01-03,Hanwha,,132211.03,Prediction
2026-01-04,Hanwha,,132021.69,Prediction
2026-01-05,Hanwha,,131802.9,Prediction
2026-01-06,Hanwha,,131567.05,Prediction
2026-01-07,Hanwha,,131325.84,Prediction
2026-01-08,Hanwha,,131090.0,Prediction
2026-01-09,Hanwha,,130869.4,Prediction
2026-01-10,Hanwha,,130672.51,Prediction
2026-01-11,Hanwha,,130506.28,Prediction
2023-02-01,Samsung,5870.0,,History
2023-02-02,Samsung,5830.0,,History
2023-02-03,Samsung,5840.0,,History
2023-02-06,Samsung,5760.0,,History
2023-02-07,Samsung,5630.0,,History
2023-02-08,Samsung,5500.0,,History
2023-02-09,Samsung,5570.0,,History
2023-02-10,Samsung,5680.0,,History
2023-02-13,Samsung,5840.0,,History
2023-02-14,Samsung,5790.0,,History
2023-02-15,Samsung,5710.0,,History
2023-02-16,Samsung,5740.0,,History
2023-02-17,Samsung,5760.0,,History
2023-02-20,Samsung,5710.0,,History
2023-02-21,Samsung,5840.0,,History
2023-02-22,Samsung,5830.0,,History
2023-02-23,Samsung,5750.0,,History
2023-02-24,Samsung,5770.0,,History
2023-02-27,Samsung,5650.0,,History
2023-02-28,Samsung,5500.0,,History
2023-03-02,Samsung,5550.0,,History
2023-03-03,Samsung,5400.0,,History
2023-03-06,Samsung,5380.0,,History
2023-03-07,Samsung,5290.0,,History
2023-03-08,Samsung,5140.0,,History
2023-03-09,Samsung,5110.0,,History
2023-03-10,Samsung,5040.0,,History
2023-03-13,Samsung,5050.0,,History
2023-03-14,Samsung,4915.0,,History
2023-03-15,Samsung,5010.0,,History
2023-03-16,Samsung,4895.0,,History
2023-03-17,Samsung,4910.0,,History
2023-03-20,Samsung,4920.0,,History
2023-03-21,Samsung,5020.0,,History
2023-03-22,Samsung,4990.0,,History
2023-03-23,Samsung,4940.0,,History
2023-03-24,Samsung,4935.0,,History
2023-03-27,Samsung,4885.0,,History
2023-03-28,Samsung,5050.0,,History
2023-03-29,Samsung,5040.0,,History
2023-03-30,Samsung,5090.0,,History
2023-03-31,Samsung,5170.0,,History
2023-04-03,Samsung,5180.0,,History
2023-04-04,Samsung,5380.0,,History
2023-04-05,Samsung,5280.0,,History
2023-04-06,Samsung,5240.0,,History
2023-04-07,Samsung,5240.0,,History
2023-04-10,Samsung,5190.0,,History
2023-04-11,Samsung,5250.0,,History
2023-04-12,Samsung,5370.0,,History
2023-04-13,Samsung,5470.0,,History
2023-04-14,Samsung,5660.0,,History
2023-04-17,Samsung,5660.0,,History
2023-04-18,Samsung,5680.0,,History
2023-04-19,Samsung,5760.0,,History
2023-04-20,Samsung,5750.0,,History
2023-04-21,Samsung,5710.0,,History
2023-04-24,Samsung,5710.0,,History
2023-04-25,Samsung,5680.0,,History
2023-04-26,Samsung,5640.0,,History
2023-04-27,Samsung,5700.0,,History
2023-04-28,Samsung,5680.0,,History
2023-05-02,Samsung,5530.0,,History
2023-05-03,Samsung,5380.0,,History
2023-05-04,Samsung,5350.0,,History
2023-05-08,Samsung,5430.0,,History
2023-05-09,Samsung,5610.0,,History
2023-05-10,Samsung,5630.0,,History
2023-05-11,Samsung,5600.0,,History
2023-05-12,Samsung,5470.0,,History
2023-05-15,Samsung,5530.0,,History
2023-05-16,Samsung,5480.0,,History
2023-05-17,Samsung,5490.0,,History
2023-05-18,Samsung,5570.0,,History
2023-05-19,Samsung,5680.0,,History
2023-05-22,Samsung,5940.0,,History
2023-05-23,Samsung,6040.0,,History
2023-05-24,Samsung,6210.0,,History
2023-05-25,Samsung,6140.0,,History
2023-05-26,Samsung,6100.0,,History
2023-05-30,Samsung,6180.0,,History
2023-05-31,Samsung,6120.0,,History
2023-06-01,Samsung,6050.0,,History
2023-06-02,Samsung,6180.0,,History
2023-06-05,Samsung,6450.0,,History
2023-06-07,Samsung,6490.0,,History
2023-06-08,Samsung,6570.0,,History
2023-06-09,Samsung,6470.0,,History
2023-06-12,Samsung,6530.0,,History
2023-06-13,Samsung,6500.0,,History
2023-06-14,Samsung,6570.0,,History
2023-06-15,Samsung,6770.0,,History
2023-06-16,Samsung,6890.0,,History
2023-06-19,Samsung,6780.0,,History
2023-06-20,Samsung,6880.0,,History
2023-06-21,Samsung,6820.0,,History
2023-06-22,Samsung,6740.0,,History
2023-06-23,Samsung,6620.0,,History
2023-06-26,Samsung,6620.0,,History
2023-06-27,Samsung,6690.0,,History
2023-06-28,Samsung,6560.0,,History
2023-06-29,Samsung,6560.0,,History
2023-06-30,Samsung,6670.0,,History
2023-07-03,Samsung,6810.0,,History
2023-07-04,Samsung,6940.0,,History
2023-07-05,Samsung,7060.0,,History
2023-07-06,Samsung,7050.0,,History
2023-07-07,Samsung,7100.0,,History
2023-07-10,Samsung,7200.0,,History
2023-07-11,Samsung,7540.0,,History
2023-07-12,Samsung,8170.0,,History
2023-07-13,Samsung,8310.0,,History
2023-07-14,Samsung,8310.0,,History
2023-07-17,Samsung,8470.0,,History
2023-07-18,Samsung,8200.0,,History
2023-07-19,Samsung,8560.0,,History
2023-07-20,Samsung,8530.0,,History
2023-07-21,Samsung,8590.0,,History
2023-07-24,Samsung,8480.0,,History
2023-07-25,Samsung,8500.0,,History
2023-07-26,Samsung,8370.0,,History
2023-07-27,Samsung,8200.0,,History
2023-07-28,Samsung,8890.0,,History
2023-07-31,Samsung,9030.0,,History
2023-08-01,Samsung,9100.0,,History
2023-08-02,Samsung,9110.0,,History
2023-08-03,Samsung,8810.0,,History
2023-08-04,Samsung,8910.0,,History
2023-08-07,Samsung,8890.0,,History
2023-08-08,Samsung,9160.0,,History
2023-08-09,Samsung,9130.0,,History
2023-08-10,Samsung,9170.0,,History
2023-08-11,Samsung,9160.0,,History
2023-08-14,Samsung,8740.0,,History
2023-08-16,Samsung,8510.0,,History
2023-08-17,Samsung,8450.0,,History
2023-08-18,Samsung,8310.0,,History
2023-08-21,Samsung,8210.0,,History
2023-08-22,Samsung,8290.0,,History
2023-08-23,Samsung,8210.0,,History
2023-08-24,Samsung,8210.0,,History
2023-08-25,Samsung,8210.0,,History
2023-08-28,Samsung,8610.0,,History
2023-08-29,Samsung,8860.0,,History
2023-08-30,Samsung,8600.0,,History
2023-08-31,Samsung,8810.0,,History
2023-09-01,Samsung,8340.0,,History
2023-09-04,Samsung,8470.0,,History
2023-09-05,Samsung,8310.0,,History
2023-09-06,Samsung,8270.0,,History
2023-09-07,Samsung,8210.0,,History
2023-09-08,Samsung,8230.0,,History
2023-09-11,Samsung,8400.0,,History
2023-09-12,Samsung,8300.0,,History
2023-09-13,Samsung,8340.0,,History
2023-09-14,Samsung,8350.0,,History
2023-09-15,Samsung,8540.0,,History
2023-09-18,Samsung,8490.0,,History
2023-09-19,Samsung,8470.0,,History
2023-09-20,Samsung,8430.0,,History
2023-09-21,Samsung,8200.0,,History
2023-09-22,Samsung,8050.0,,History
2023-09-25,Samsung,7900.0,,History
2023-09-26,Samsung,7810.0,,History
2023-09-27,Samsung,7840.0,,History
2023-10-04,Samsung,7450.0,,History
2023-10-05,Samsung,7280.0,,History
2023-10-06,Samsung,7190.0,,History
2023-10-10,Samsung,7290.0,,History
2023-10-11,Samsung,7740.0,,History
2023-10-12,Samsung,7760.0,,History
2023-10-13,Samsung,7700.0,,History
2023-10-16,Samsung,7820.0,,History
2023-10-17,Samsung,7790.0,,History
2023-10-18,Samsung,7670.0,,History
2023-10-19,Samsung,7410.0,,History
2023-10-20,Samsung,7360.0,,History
2023-10-23,Samsung,7230.0,,History
2023-10-24,Samsung,7350.0,,History
2023-10-25,Samsung,7600.0,,History
2023-10-26,Samsung,7360.0,,History
2023-10-27,Samsung,7190.0,,History
2023-10-30,Samsung,7220.0,,History
2023-10-31,Samsung,6820.0,,History
2023-11-01,Samsung,6910.0,,History
2023-11-02,Samsung,7100.0,,History
2023-11-03,Samsung,7260.0,,History
2023-11-06,Samsung,7530.0,,History
2023-11-07,Samsung,7370.0,,History
2023-11-08,Samsung,7190.0,,History
2023-11-09,Samsung,7160.0,,History
2023-11-10,Samsung,7150.0,,History
2023-11-13,Samsung,7080.0,,History
2023-11-14,Samsung,7170.0,,History
2023-11-15,Samsung,7530.0,,History
2023-11-16,Samsung,7600.0,,History
2023-11-17,Samsung,7400.0,,History
2023-11-20,Samsung,7720.0,,History
2023-11-21,Samsung,7710.0,,History
2023-11-22,Samsung,7960.0,,History
2023-11-23,Samsung,7890.0,,History
2023-11-24,Samsung,7630.0,,History
2023-11-27,Samsung,7840.0,,History
2023-11-28,Samsung,8160.0,,History
2023-11-29,Samsung,8020.0,,History
2023-11-30,Samsung,7980.0,,History
2023-12-01,Samsung,8130.0,,History
2023-12-04,Samsung,8140.0,,History
2023-12-05,Samsung,8080.0,,History
2023-12-06,Samsung,7980.0,,History
2023-12-07,Samsung,7900.0,,History
2023-12-08,Samsung,7890.0,,History
2023-12-11,Samsung,7860.0,,History
2023-12-12,Samsung,8010.0,,History
2023-12-13,Samsung,7860.0,,History
2023-12-14,Samsung,7990.0,,History
2023-12-15,Samsung,7960.0,,History
2023-12-18,Samsung,7510.0,,History
2023-12-19,Samsung,7560.0,,History
2023-12-20,Samsung,7670.0,,History
2023-12-21,Samsung,7520.0,,History
2023-12-22,Samsung,7500.0,,History
2023-12-26,Samsung,7500.0,,History
2023-12-27,Samsung,7590.0,,History
2023-12-28,Samsung,7750.0,,History
2024-01-02,Samsung,7860.0,,History
2024-01-03,Samsung,7480.0,,History
2024-01-04,Samsung,7500.0,,History
2024-01-05,Samsung,7450.0,,History
2024-01-08,Samsung,7480.0,,History
2024-01-09,Samsung,7310.0,,History
2024-01-10,Samsung,7320.0,,History
2024-01-11,Samsung,7160.0,,History
2024-01-12,Samsung,7170.0,,History
2024-01-15,Samsung,7350.0,,History
2024-01-16,Samsung,7150.0,,History
2024-01-17,Samsung,7050.0,,History
2024-01-18,Samsung,7120.0,,History
2024-01-19,Samsung,7520.0,,History
2024-01-22,Samsung,7590.0,,History
2024-01-23,Samsung,7570.0,,History
2024-01-24,Samsung,7480.0,,History
2024-01-25,Samsung,7570.0,,History
2024-01-26,Samsung,7600.0,,History
2024-01-29,Samsung,7450.0,,History
2024-01-30,Samsung,7170.0,,History
2024-01-31,Samsung,7310.0,,History
2024-02-01,Samsung,7140.0,,History
2024-02-02,Samsung,7250.0,,History
2024-02-05,Samsung,7120.0,,History
2024-02-06,Samsung,7210.0,,History
2024-02-07,Samsung,7240.0,,History
2024-02-08,Samsung,7330.0,,History
2024-02-13,Samsung,7360.0,,History
2024-02-14,Samsung,7220.0,,History
2024-02-15,Samsung,7210.0,,History
2024-02-16,Samsung,7300.0,,History
2024-02-19,Samsung,7310.0,,History
2024-02-20,Samsung,7250.0,,History
2024-02-21,Samsung,7460.0,,History
2024-02-22,Samsung,7490.0,,History
2024-02-23,Samsung,7430.0,,History
2024-02-26,Samsung,7410.0,,History
2024-02-27,Samsung,7670.0,,History
2024-02-28,Samsung,8020.0,,History
2024-02-29,Samsung,7900.0,,History
2024-03-04,Samsung,7620.0,,History
2024-03-05,Samsung,7710.0,,History
2024-03-06,Samsung,7730.0,,History
2024-03-07,Samsung,7710.0,,History
2024-03-08,Samsung,7660.0,,History
2024-03-11,Samsung,8020.0,,History
2024-03-12,Samsung,8070.0,,History
2024-03-13,Samsung,7960.0,,History
2024-03-14,Samsung,9010.0,,History
2024-03-15,Samsung,8850.0,,History
2024-03-18,Samsung,9000.0,,History
2024-03-19,Samsung,8690.0,,History
2024-03-20,Samsung,8810.0,,History
2024-03-21,Samsung,8850.0,,History
2024-03-22,Samsung,9080.0,,History
2024-03-25,Samsung,8960.0,,History
2024-03-26,Samsung,9060.0,,History
2024-03-27,Samsung,8700.0,,History
2024-03-28,Samsung,8620.0,,History
2024-03-29,Samsung,8560.0,,History
2024-04-01,Samsung,8560.0,,History
2024-04-02,Samsung,8650.0,,History
2024-04-03,Samsung,8710.0,,History
2024-04-04,Samsung,8740.0,,History
2024-04-05,Samsung,8660.0,,History
2024-04-08,Samsung,8480.0,,History
2024-04-09,Samsung,8670.0,,History
2024-04-11,Samsung,8500.0,,History
2024-04-12,Samsung,8910.0,,History
2024-04-15,Samsung,9060.0,,History
2024-04-16,Samsung,8760.0,,History
2024-04-17,Samsung,8690.0,,History
2024-04-18,Samsung,9540.0,,History
2024-04-19,Samsung,9630.0,,History
2024-04-22,Samsung,9480.0,,History
2024-04-23,Samsung,9630.0,,History
2024-04-24,Samsung,9640.0,,History
2024-04-25,Samsung,9470.0,,History
2024-04-26,Samsung,9850.0,,History
2024-04-29,Samsung,9600.0,,History
2024-04-30,Samsung,9450.0,,History
2024-05-02,Samsung,9430.0,,History
2024-05-03,Samsung,9390.0,,History
2024-05-07,Samsung,9600.0,,History
2024-05-08,Samsung,9670.0,,History
2024-05-09,Samsung,9830.0,,History
2024-05-10,Samsung,9890.0,,History
2024-05-13,Samsung,10170.0,,History
2024-05-14,Samsung,10130.0,,History
2024-05-16,Samsung,10150.0,,History
2024-05-17,Samsung,9920.0,,History
2024-05-20,Samsung,9870.0,,History
2024-05-21,Samsung,9800.0,,History
2024-05-22,Samsung,9380.0,,History
2024-05-23,Samsung,9500.0,,History
2024-05-24,Samsung,9650.0,,History
2024-05-27,Samsung,9570.0,,History
2024-05-28,Samsung,9540.0,,History
2024-05-29,Samsung,9400.0,,History
2024-05-30,Samsung,9320.0,,History
2024-05-31,Samsung,9160.0,,History
2024-06-03,Samsung,9600.0,,History
2024-06-04,Samsung,9400.0,,History
2024-06-05,Samsung,9270.0,,History
2024-06-07,Samsung,9360.0,,History
2024-06-10,Samsung,9320.0,,History
2024-06-11,Samsung,9220.0,,History
2024-06-12,Samsung,9140.0,,History
2024-06-13,Samsung,8910.0,,History
2024-06-14,Samsung,9040.0,,History
2024-06-17,Samsung,8890.0,,History
2024-06-18,Samsung,8860.0,,History
2024-06-19,Samsung,9050.0,,History
2024-06-20,Samsung,8970.0,,History
2024-06-21,Samsung,8890.0,,History
2024-06-24,Samsung,8950.0,,History
2024-06-25,Samsung,9290.0,,History
2024-06-26,Samsung,9400.0,,History
2024-06-27,Samsung,9430.0,,History
2024-06-28,Samsung,9350.0,,History
2024-07-01,Samsung,9680.0,,History
2024-07-02,Samsung,9620.0,,History
2024-07-03,Samsung,9440.0,,History
2024-07-04,Samsung,9520.0,,History
2024-07-05,Samsung,9560.0,,History
2024-07-08,Samsung,9800.0,,History
2024-07-09,Samsung,9700.0,,History
2024-07-10,Samsung,9840.0,,History
2024-07-11,Samsung,9830.0,,History
2024-07-12,Samsung,9900.0,,History
2024-07-15,Samsung,9940.0,,History
2024-07-16,Samsung,10280.0,,History
2024-07-17,Samsung,10930.0,,History
2024-07-18,Samsung,11070.0,,History
2024-07-19,Samsung,10550.0,,History
2024-07-22,Samsung,10600.0,,History
2024-07-23,Samsung,11000.0,,History
2024-07-24,Samsung,11090.0,,History
2024-07-25,Samsung,10950.0,,History
2024-07-26,Samsung,11870.0,,History
2024-07-29,Samsung,11830.0,,History
2024-07-30,Samsung,11630.0,,History
2024-07-31,Samsung,11710.0,,History
2024-08-01,Samsung,11680.0,,History
2024-08-02,Samsung,11300.0,,History
2024-08-05,Samsung,10050.0,,History
2024-08-06,Samsung,10710.0,,History
2024-08-07,Samsung,10590.0,,History
2024-08-08,Samsung,10920.0,,History
2024-08-09,Samsung,10940.0,,History
2024-08-12,Samsung,11130.0,,History
2024-08-13,Samsung,10760.0,,History
2024-08-14,Samsung,10740.0,,History
2024-08-16,Samsung,10820.0,,History
2024-08-19,Samsung,10800.0,,History
2024-08-20,Samsung,11240.0,,History
2024-08-21,Samsung,11140.0,,History
2024-08-22,Samsung,10680.0,,History
2024-08-23,Samsung,10560.0,,History
2024-08-26,Samsung,10150.0,,History
2024-08-27,Samsung,10280.0,,History
2024-08-28,Samsung,10290.0,,History
2024-08-29,Samsung,10150.0,,History
2024-08-30,Samsung,10490.0,,History
2024-09-02,Samsung,10170.0,,History
2024-09-03,Samsung,10280.0,,History
2024-09-04,Samsung,10000.0,,History
2024-09-05,Samsung,9820.0,,History
2024-09-06,Samsung,9610.0,,History
2024-09-09,Samsung,9820.0,,History
2024-09-10,Samsung,9970.0,,History
2024-09-11,Samsung,9810.0,,History
2024-09-12,Samsung,10040.0,,History
2024-09-13,Samsung,10340.0,,History
2024-09-19,Samsung,10500.0,,History
2024-09-20,Samsung,10630.0,,History
2024-09-23,Samsung,10920.0,,History
2024-09-24,Samsung,10970.0,,History
2024-09-25,Samsung,10790.0,,History
2024-09-26,Samsung,10860.0,,History
2024-09-27,Samsung,10180.0,,History
2024-09-30,Samsung,10030.0,,History
2024-10-02,Samsung,10050.0,,History
2024-10-04,Samsung,10040.0,,History
2024-10-07,Samsung,10010.0,,History
2024-10-08,Samsung,9860.0,,History
2024-10-10,Samsung,10180.0,,History
2024-10-11,Samsung,9870.0,,History
2024-10-14,Samsung,9880.0,,History
2024-10-15,Samsung,10230.0,,History
2024-10-16,Samsung,10060.0,,History
2024-10-17,Samsung,10250.0,,History
2024-10-18,Samsung,10050.0,,History
2024-10-21,Samsung,10000.0,,History
2024-10-22,Samsung,9990.0,,History
2024-10-23,Samsung,10140.0,,History
2024-10-24,Samsung,10050.0,,History
2024-10-25,Samsung,9900.0,,History
2024-10-28,Samsung,9720.0,,History
2024-10-29,Samsung,9750.0,,History
2024-10-30,Samsung,9590.0,,History
2024-10-31,Samsung,9590.0,,History
2024-11-01,Samsung,9470.0,,History
2024-11-04,Samsung,9540.0,,History
2024-11-05,Samsung,9620.0,,History
2024-11-06,Samsung,9920.0,,History
2024-11-07,Samsung,10830.0,,History
2024-11-08,Samsung,11010.0,,History
2024-11-11,Samsung,11820.0,,History
2024-11-12,Samsung,11580.0,,History
2024-11-13,Samsung,11230.0,,History
2024-11-14,Samsung,11720.0,,History
2024-11-15,Samsung,11890.0,,History
2024-11-18,Samsung,11690.0,,History
2024-11-19,Samsung,11750.0,,History
2024-11-20,Samsung,11900.0,,History
2024-11-21,Samsung,11810.0,,History
2024-11-22,Samsung,12030.0,,History
2024-11-25,Samsung,11910.0,,History
2024-11-26,Samsung,11820.0,,History
2024-11-27,Samsung,11900.0,,History
2024-11-28,Samsung,11840.0,,History
2024-11-29,Samsung,11620.0,,History
2024-12-02,Samsung,10920.0,,History
2024-12-03,Samsung,11110.0,,History
2024-12-04,Samsung,11050.0,,History
2024-12-05,Samsung,10870.0,,History
2024-12-06,Samsung,10630.0,,History
2024-12-09,Samsung,9990.0,,History
2024-12-10,Samsung,10410.0,,History
2024-12-11,Samsung,11100.0,,History
2024-12-12,Samsung,11100.0,,History
2024-12-13,Samsung,11350.0,,History
2024-12-16,Samsung,11230.0,,History
2024-12-17,Samsung,11070.0,,History
2024-12-18,Samsung,11290.0,,History
2024-12-19,Samsung,11290.0,,History
2024-12-20,Samsung,11180.0,,History
2024-12-23,Samsung,11490.0,,History
2024-12-24,Samsung,11360.0,,History
2024-12-26,Samsung,11600.0,,History
2024-12-27,Samsung,11310.0,,History
2024-12-30,Samsung,11300.0,,History
2025-01-02,Samsung,11500.0,,History
2025-01-03,Samsung,11410.0,,History
2025-01-06,Samsung,11420.0,,History
2025-01-07,Samsung,11830.0,,History
2025-01-08,Samsung,12010.0,,History
2025-01-09,Samsung,12030.0,,History
2025-01-10,Samsung,12250.0,,History
2025-01-13,Samsung,11700.0,,History
2025-01-14,Samsung,11850.0,,History
2025-01-15,Samsung,13000.0,,History
2025-01-16,Samsung,13350.0,,History
2025-01-17,Samsung,13540.0,,History
2025-01-20,Samsung,13490.0,,History
2025-01-21,Samsung,13670.0,,History
2025-01-22,Samsung,13300.0,,History
2025-01-23,Samsung,12730.0,,History
2025-01-24,Samsung,12910.0,,History
2025-01-31,Samsung,13010.0,,History
2025-02-03,Samsung,12940.0,,History
2025-02-04,Samsung,13350.0,,History
2025-02-05,Samsung,13400.0,,History
2025-02-06,Samsung,12950.0,,History
2025-02-07,Samsung,12770.0,,History
2025-02-10,Samsung,12590.0,,History
2025-02-11,Samsung,12700.0,,History
2025-02-12,Samsung,13460.0,,History
2025-02-13,Samsung,13410.0,,History
2025-02-14,Samsung,12710.0,,History
2025-02-17,Samsung,12710.0,,History
2025-02-18,Samsung,12930.0,,History
2025-02-19,Samsung,14730.0,,History
2025-02-20,Samsung,13590.0,,History
2025-02-21,Samsung,13370.0,,History
2025-02-24,Samsung,13910.0,,History
2025-02-25,Samsung,15050.0,,History
2025-02-26,Samsung,14950.0,,History
2025-02-27,Samsung,15020.0,,History
2025-02-28,Samsung,13950.0,,History
2025-03-04,Samsung,14240.0,,History
2025-03-05,Samsung,15000.0,,History
2025-03-06,Samsung,14940.0,,History
2025-03-07,Samsung,14860.0,,History
2025-03-10,Samsung,14530.0,,History
2025-03-11,Samsung,14220.0,,History
2025-03-12,Samsung,14360.0,,History
2025-03-13,Samsung,14080.0,,History
2025-03-14,Samsung,14320.0,,History
2025-03-17,Samsung,14790.0,,History
2025-03-18,Samsung,15440.0,,History
2025-03-19,Samsung,15210.0,,History
2025-03-20,Samsung,14540.0,,History
2025-03-21,Samsung,14580.0,,History
2025-03-24,Samsung,14670.0,,History
2025-03-25,Samsung,14000.0,,History
2025-03-26,Samsung,14070.0,,History
2025-03-27,Samsung,13770.0,,History
2025-03-28,Samsung,13830.0,,History
2025-03-31,Samsung,13480.0,,History
2025-04-01,Samsung,14050.0,,History
2025-04-02,Samsung,13880.0,,History
2025-04-03,Samsung,14010.0,,History
2025-04-04,Samsung,13720.0,,History
2025-04-07,Samsung,12720.0,,History
2025-04-08,Samsung,13220.0,,History
2025-04-09,Samsung,13040.0,,History
2025-04-10,Samsung,13950.0,,History
2025-04-11,Samsung,14500.0,,History
2025-04-14,Samsung,14450.0,,History
2025-04-15,Samsung,14540.0,,History
2025-04-16,Samsung,14490.0,,History
2025-04-17,Samsung,14900.0,,History
2025-04-18,Samsung,14520.0,,History
2025-04-21,Samsung,13990.0,,History
2025-04-22,Samsung,14100.0,,History
2025-04-23,Samsung,14300.0,,History
2025-04-24,Samsung,14590.0,,History
2025-04-25,Samsung,14720.0,,History
2025-04-28,Samsung,15150.0,,History
2025-04-29,Samsung,14970.0,,History
2025-04-30,Samsung,14570.0,,History
2025-05-02,Samsung,14610.0,,History
2025-05-07,Samsung,14880.0,,History
2025-05-08,Samsung,14730.0,,History
2025-05-09,Samsung,14840.0,,History
2025-05-12,Samsung,14500.0,,History
2025-05-13,Samsung,14260.0,,History
2025-05-14,Samsung,14590.0,,History
2025-05-15,Samsung,14420.0,,History
2025-05-16,Samsung,14550.0,,History
2025-05-19,Samsung,14300.0,,History
2025-05-20,Samsung,14190.0,,History
2025-05-21,Samsung,14890.0,,History
2025-05-22,Samsung,14500.0,,History
2025-05-23,Samsung,14430.0,,History
2025-05-26,Samsung,15100.0,,History
2025-05-27,Samsung,16350.0,,History
2025-05-28,Samsung,15670.0,,History
2025-05-29,Samsung,16140.0,,History
2025-05-30,Samsung,16900.0,,History
2025-06-02,Samsung,16790.0,,History
2025-06-04,Samsung,16880.0,,History
2025-06-05,Samsung,16750.0,,History
2025-06-09,Samsung,16650.0,,History
2025-06-10,Samsung,17250.0,,History
2025-06-11,Samsung,17320.0,,History
2025-06-12,Samsung,17580.0,,History
2025-06-13,Samsung,17690.0,,History
2025-06-16,Samsung,18070.0,,History
2025-06-17,Samsung,17870.0,,History
2025-06-18,Samsung,17850.0,,History
2025-06-19,Samsung,17440.0,,History
2025-06-20,Samsung,16870.0,,History
2025-06-23,Samsung,16650.0,,History
2025-06-24,Samsung,17060.0,,History
2025-06-25,Samsung,16530.0,,History
2025-06-26,Samsung,16320.0,,History
2025-06-27,Samsung,16160.0,,History
2025-06-30,Samsung,16760.0,,History
2025-07-01,Samsung,16780.0,,History
2025-07-02,Samsung,16540.0,,History
2025-07-03,Samsung,16290.0,,History
2025-07-04,Samsung,15720.0,,History
2025-07-07,Samsung,16210.0,,History
2025-07-08,Samsung,17320.0,,History
2025-07-09,Samsung,17770.0,,History
2025-07-10,Samsung,17880.0,,History
2025-07-11,Samsung,17540.0,,History
2025-07-14,Samsung,17440.0,,History
2025-07-15,Samsung,18040.0,,History
2025-07-16,Samsung,17900.0,,History
2025-07-17,Samsung,18910.0,,History
2025-07-18,Samsung,18790.0,,History
2025-07-21,Samsung,19400.0,,History
2025-07-22,Samsung,19570.0,,History
2025-07-23,Samsung,19140.0,,History
2025-07-24,Samsung,19450.0,,History
2025-07-25,Samsung,18870.0,,History
2025-07-28,Samsung,18630.0,,History
2025-07-29,Samsung,18740.0,,History
2025-07-30,Samsung,18950.0,,History
2025-07-31,Samsung,19040.0,,History
2025-08-01,Samsung,18580.0,,History
2025-08-04,Samsung,18790.0,,History
2025-08-05,Samsung,19750.0,,History
2025-08-06,Samsung,19600.0,,History
2025-08-07,Samsung,19590.0,,History
2025-08-08,Samsung,19320.0,,History
2025-08-11,Samsung,19120.0,,History
2025-08-12,Samsung,18810.0,,History
2025-08-13,Samsung,19030.0,,History
2025-08-14,Samsung,18890.0,,History
2025-08-18,Samsung,19290.0,,History
2025-08-19,Samsung,18680.0,,History
2025-08-20,Samsung,18930.0,,History
2025-08-21,Samsung,19250.0,,History
2025-08-22,Samsung,19850.0,,History
2025-08-25,Samsung,20000.0,,History
2025-08-26,Samsung,20600.0,,History
2025-08-27,Samsung,22000.0,,History
2025-08-28,Samsung,21400.0,,History
2025-08-29,Samsung,21300.0,,History
2025-09-01,Samsung,20800.0,,History
2025-09-02,Samsung,21050.0,,History
2025-09-03,Samsung,21050.0,,History
2025-09-04,Samsung,20950.0,,History
2025-09-05,Samsung,21100.0,,History
2025-09-08,Samsung,21250.0,,History
2025-09-09,Samsung,21050.0,,History
2025-09-10,Samsung,21550.0,,History
2025-09-11,Samsung,22350.0,,History
2025-09-12,Samsung,22000.0,,History
2025-09-15,Samsung,21600.0,,History
2025-09-16,Samsung,21500.0,,History
2025-09-17,Samsung,21550.0,,History
2025-09-18,Samsung,21450.0,,History
2025-09-19,Samsung,21450.0,,History
2025-09-22,Samsung,21250.0,,History
2025-09-23,Samsung,21300.0,,History
2025-09-24,Samsung,21850.0,,History
2025-09-25,Samsung,21950.0,,History
2025-09-26,Samsung,20850.0,,History
2025-09-29,Samsung,21350.0,,History
2025-09-30,Samsung,21900.0,,History
2025-10-01,Samsung,21850.0,,History
2025-10-02,Samsung,21850.0,,History
2025-10-10,Samsung,22400.0,,History
2025-10-13,Samsung,22250.0,,History
2025-10-14,Samsung,21200.0,,History
2025-10-15,Samsung,21550.0,,History
2025-10-16,Samsung,22300.0,,History
2025-10-17,Samsung,22550.0,,History
2025-10-20,Samsung,22600.0,,History
2025-10-21,Samsung,23700.0,,History
2025-10-22,Samsung,24100.0,,History
2025-10-23,Samsung,23900.0,,History
2025-10-24,Samsung,24800.0,,History
2025-10-27,Samsung,29100.0,,History
2025-10-28,Samsung,29950.0,,History
2025-10-29,Samsung,30000.0,,History
2025-10-30,Samsung,30300.0,,History
2025-10-31,Samsung,29550.0,,History
2025-11-03,Samsung,28950.0,,History
2025-11-04,Samsung,28700.0,,History
2025-11-05,Samsung,27450.0,,History
2025-11-06,Samsung,26150.0,,History
2025-11-07,Samsung,26300.0,,History
2025-11-10,Samsung,27050.0,,History
2025-11-11,Samsung,26400.0,,History
2025-11-12,Samsung,26250.0,,History
2025-11-13,Samsung,26500.0,,History
2025-11-14,Samsung,26300.0,,History
2025-11-17,Samsung,26200.0,,History
2025-11-18,Samsung,25300.0,,History
2025-11-19,Samsung,25350.0,,History
2025-11-20,Samsung,26450.0,,History
2025-11-21,Samsung,25350.0,,History
2025-11-24,Samsung,25050.0,,History
2025-11-25,Samsung,24800.0,,History
2025-11-26,Samsung,25350.0,,History
2025-11-27,Samsung,25300.0,,History
2025-11-28,Samsung,24600.0,,History
2025-12-01,Samsung,24200.0,,History
2025-12-02,Samsung,24500.0,,History
2025-12-03,Samsung,24700.0,,History
2025-12-04,Samsung,24650.0,,History
2025-12-05,Samsung,25450.0,,History
2025-12-08,Samsung,25900.0,,History
2025-12-09,Samsung,27050.0,,History
2025-12-10,Samsung,26250.0,,History
2025-12-11,Samsung,25800.0,,History
2025-12-12,Samsung,26300.0,,History
2025-12-13,Samsung,,26173.096,Prediction
2025-12-14,Samsung,,26140.436,Prediction
2025-12-15,Samsung,,26111.293,Prediction
2025-12-16,Samsung,,26088.773,Prediction
2025-12-17,Samsung,,26074.242,Prediction
2025-12-18,Samsung,,26067.475,Prediction
2025-12-19,Samsung,,26067.158,Prediction
2025-12-20,Samsung,,26071.367,Prediction
2025-12-21,Samsung,,26077.986,Prediction
2025-12-22,Samsung,,26085.158,Prediction
2025-12-23,Samsung,,26091.557,Prediction
2025-12-24,Samsung,,26096.008,Prediction
2025-12-25,Samsung,,26097.91,Prediction
2025-12-26,Samsung,,26097.184,Prediction
2025-12-27,Samsung,,26094.02,Prediction
2025-12-28,Samsung,,26088.78,Prediction
2025-12-29,Samsung,,26082.104,Prediction
2025-12-30,Samsung,,26074.775,Prediction
2025-12-31,Samsung,,26067.271,Prediction
2026-01-01,Samsung,,26060.027,Prediction
2026-01-02,Samsung,,26053.488,Prediction
2026-01-03,Samsung,,26047.951,Prediction
2026-01-04,Samsung,,26043.428,Prediction
2026-01-05,Samsung,,26040.016,Prediction
2026-01-06,Samsung,,26037.773,Prediction
2026-01-07,Samsung,,26036.465,Prediction
2026-01-08,Samsung,,26035.402,Prediction
2026-01-09,Samsung,,26034.666,Prediction
2026-01-10,Samsung,,26034.18,Prediction
2026-01-11,Samsung,,26033.83,Prediction
